,artist_id,danceability,energy,key,loudness,mode,speechiness,acousticness,instrumentalness,liveness,valence,tempo,duration_ms,weeks
0,4444,0.568,0.495,1,-8.964,1,0.0299,0.353,0.0,0.0839,0.303,128.234,281067,5
1,2164,0.6609999999999999,0.39399999999999996,1,-9.032,1,0.0318,0.401,0.0,0.11900000000000001,0.107,137.954,204333,6
2,2617,0.7070000000000001,0.42700000000000005,5,-12.216,0,0.0698,0.33899999999999997,0.0,0.105,0.541,88.08,284693,7
3,6157,0.647,0.514,8,-10.05,1,0.0593,0.0655,0.0,0.39799999999999996,0.387,79.97399999999999,240693,20
4,5284,0.7190000000000001,0.631,6,-7.4110000000000005,1,0.0451,0.0235,0.7020000000000001,0.0686,0.456,80.127,254560,7
5,4444,0.669,0.727,7,-7.587999999999999,1,0.0353,0.139,0.0,0.12300000000000001,0.807,102.322,243493,14
6,5771,0.555,0.41,6,-8.308,1,0.0431,0.22699999999999998,0.0,0.13,0.433,169.804,292800,11
7,6481,0.622,0.8290000000000001,2,-5.547999999999999,1,0.028999999999999998,0.11,0.0,0.0954,0.539,110.367,257373,20
8,6482,0.46399999999999997,0.701,9,-5.943,1,0.0341,0.0691,0.00182,0.0766,0.40700000000000003,73.97,270000,12
9,2908,0.474,0.503,9,-9.074,1,0.0279,0.0438,0.016,0.153,0.457,72.32300000000001,265293,1
10,1689,0.602,0.545,4,-9.972000000000001,0,0.0311,0.479,0.00021400000000000002,0.0975,0.235,89.786,281067,4
11,1576,0.677,0.484,9,-10.505999999999998,0,0.0324,0.077,4.7499999999999996e-05,0.135,0.6970000000000001,123.53399999999999,247200,21
12,5958,0.133,0.8220000000000001,7,-5.961,1,0.0721,0.0458,0.131,0.11199999999999999,0.102,185.50400000000002,291893,2
13,1255,0.787,0.86,1,-4.974,1,0.0344,0.364,0.040999999999999995,0.0612,0.862,109.154,214933,16
14,6483,0.316,0.499,9,-7.899,1,0.0298,0.0108,1.8100000000000003e-05,0.126,0.40299999999999997,174.782,320467,4
15,5310,0.631,0.536,6,-7.194,1,0.0586,0.591,0.0,0.10800000000000001,0.8290000000000001,59.998999999999995,249920,7
16,5677,0.7490000000000001,0.988,0,-5.266,0,0.0387,0.20199999999999999,0.0063100000000000005,0.17,0.7490000000000001,135.015,221187,8
17,6484,0.8,0.36200000000000004,6,-10.849,0,0.0634,0.035,3.99e-06,0.0667,0.888,93.059,236067,19
18,6485,0.601,0.504,5,-9.761000000000001,1,0.0284,0.31,0.0,0.13699999999999998,0.564,78.986,242267,21
19,5350,0.519,0.737,10,-8.7,1,0.0437,0.645,1.77e-06,0.271,0.6679999999999999,82.999,248893,31
20,5304,0.743,0.523,5,-5.456,0,0.10300000000000001,0.0231,0.0309,0.0701,0.789,90.97399999999999,199293,4
21,6486,0.652,0.498,11,-6.2,1,0.0413,0.519,0.0,0.149,0.336,120.141,324280,4
22,6107,0.49,0.873,6,-5.861000000000001,1,0.0355,0.107,5.19e-06,0.11800000000000001,0.513,103.272,229587,22
23,6487,0.6859999999999999,0.45399999999999996,10,-10.927999999999999,0,0.0328,0.43,0.00021,0.28600000000000003,0.645,131.977,321000,13
24,4950,0.584,0.5329999999999999,10,-7.11,0,0.0305,0.684,0.0,0.306,0.22399999999999998,131.745,288427,28
25,5103,0.40399999999999997,0.72,10,-9.18,0,0.0623,5.59e-05,0.836,0.0466,0.475,121.86399999999999,258467,8
26,6107,0.387,0.875,2,-5.7410000000000005,1,0.0385,0.0373,0.0,0.152,0.23800000000000002,105.1,296840,8
27,5680,0.71,0.545,4,-9.599,1,0.0588,0.483,0.0,0.0644,0.632,140.233,216333,12
28,6488,0.601,0.48,6,-11.41,0,0.0732,0.2,0.0955,0.0297,0.802,188.21400000000003,361107,22
29,5402,0.5529999999999999,0.45799999999999996,8,-10.796,1,0.0381,0.325,9.71e-05,0.0583,0.247,165.80700000000002,314867,10
30,4538,0.5670000000000001,0.821,6,-5.894,1,0.0371,0.418,0.0,0.10800000000000001,0.895,150.106,132307,26
31,6489,0.669,0.941,1,-5.765,0,0.0313,0.0012900000000000001,4.2999999999999995e-06,0.8859999999999999,0.841,134.809,240267,8
32,4898,0.606,0.648,0,-7.8020000000000005,1,0.0466,0.349,0.0,0.639,0.6459999999999999,59.041000000000004,290067,9
33,6490,0.636,0.645,6,-11.64,1,0.0873,0.10099999999999999,1.64e-05,0.0686,0.711,128.43,258933,11
34,6157,0.845,0.40700000000000003,7,-14.982999999999999,1,0.203,0.08900000000000001,0.00985,0.222,0.5760000000000001,102.598,218933,4
35,4580,0.629,0.867,7,-7.307,1,0.0603,0.0865,0.0,0.126,0.8759999999999999,151.695,279800,41
36,838,0.409,0.626,2,-8.032,1,0.0363,0.556,0.0,0.415,0.305,170.949,400358,11
37,137,0.601,0.41200000000000003,5,-11.963,1,0.0361,0.147,0.00585,0.263,0.46399999999999997,204.06400000000002,300733,9
38,4580,0.562,0.742,9,-6.355,1,0.0346,0.0369,1.47e-06,0.102,0.7929999999999999,165.6,289200,13
39,6158,0.514,0.7040000000000001,2,-4.724,1,0.0261,0.0508,0.00214,0.228,0.386,76.972,255467,7
40,6488,0.7190000000000001,0.7390000000000001,1,-5.577000000000001,1,0.0419,0.34600000000000003,0.0102,0.0581,0.603,115.14200000000001,266008,4
41,2924,0.677,0.46299999999999997,4,-10.743,1,0.0304,0.53,7.17e-06,0.0988,0.48100000000000004,110.90799999999999,179006,4
42,6491,0.782,0.515,6,-8.215,0,0.3,0.185,1.34e-05,0.0577,0.7909999999999999,182.19,260467,3
43,5284,0.769,0.505,1,-7.345,1,0.0829,0.311,7.49e-05,0.0777,0.757,171.804,279507,30
44,6158,0.6829999999999999,0.645,0,-5.707000000000001,1,0.0272,0.589,0.00432,0.18,0.366,121.995,285000,34
45,6098,0.7909999999999999,0.61,8,-5.4079999999999995,0,0.0264,0.28800000000000003,0.00123,0.0457,0.907,93.277,291067,1
46,5649,0.736,0.741,8,-3.8569999999999998,0,0.292,0.0645,0.0,0.13699999999999998,0.579,92.65,248867,2
47,6161,0.635,0.7120000000000001,8,-4.998,1,0.0283,0.0811,0.0,0.322,0.423,91.024,257960,29
48,6492,0.64,0.433,5,-9.432,1,0.0375,0.509,5.16e-06,0.10300000000000001,0.25,176.088,306933,3
49,5759,0.68,0.914,0,-7.392,1,0.0418,0.0529,0.0049299999999999995,0.226,0.879,97.055,303133,3
50,4563,0.8490000000000001,0.47600000000000003,0,-10.479000000000001,1,0.445,0.0965,0.0,0.105,0.48,83.21,277133,12
51,6493,0.6970000000000001,0.504,0,-9.753,1,0.0339,0.349,0.0,0.342,0.618,93.02799999999999,257613,18
52,6494,0.40700000000000003,0.525,11,-12.725,0,0.166,0.381,0.000452,0.0816,0.32899999999999996,74.34,384667,9
53,6495,0.723,0.7390000000000001,0,-7.943,1,0.401,0.40299999999999997,0.0,0.365,0.805,177.886,225267,13
54,6496,0.732,0.499,5,-6.794,1,0.0346,0.52,8.62e-06,0.0842,0.428,134.02700000000002,298080,9
55,4886,0.537,0.184,9,-15.886,1,0.0381,0.792,0.0,0.126,0.217,77.817,169840,5
56,197,0.6509999999999999,0.402,11,-9.302999999999999,1,0.027999999999999997,0.639,7.730000000000001e-05,0.0765,0.258,119.87299999999999,345600,18
57,4987,0.32,0.917,9,-5.903,1,0.0771,0.0717,0.0,0.16899999999999998,0.715,190.757,188360,14
58,485,0.47700000000000004,0.564,4,-8.582,1,0.027999999999999997,0.0111,0.0,0.221,0.292,67.965,257680,5
59,6497,0.6990000000000001,0.722,5,-6.532,1,0.0735,0.158,0.000452,0.0523,0.6729999999999999,197.562,252360,7
60,6498,0.46,0.81,11,-5.008,0,0.0557,6.54e-05,0.00018899999999999999,0.12300000000000001,0.38,139.671,326667,18
61,6499,0.643,0.6709999999999999,1,-7.1579999999999995,0,0.0296,0.0383,4.6500000000000005e-05,0.0496,0.26,90.396,233493,15
62,6098,0.32899999999999996,0.517,6,-7.178,1,0.0353,0.488,0.0,0.0985,0.408,149.75799999999998,286493,17
63,5281,0.57,0.32,2,-8.965,1,0.0323,0.644,0.0,0.244,0.321,183.524,279960,16
64,6014,0.643,0.961,0,-5.297999999999999,1,0.0315,0.0196,0.0,0.948,0.96,124.027,205707,19
65,6147,0.606,0.353,9,-11.484000000000002,1,0.0315,0.763,0.0005780000000000001,0.0778,0.179,140.05700000000002,291400,8
66,6501,0.737,0.93,1,-6.082999999999999,1,0.0534,0.237,1.57e-06,0.0911,0.965,103.191,253107,18
67,6502,0.639,0.495,5,-10.783,0,0.35600000000000004,0.0738,0.0,0.0682,0.833,175.982,233867,10
68,6503,0.775,0.745,8,-7.167000000000001,1,0.0563,0.0268,0.0,0.27,0.691,99.008,243613,9
69,6480,0.8490000000000001,0.727,9,-4.572,0,0.0534,0.14800000000000002,2.17e-05,0.0453,0.7,100.927,230227,7
70,6504,0.9159999999999999,0.8240000000000001,6,-6.947,0,0.0652,0.0153,0.9259999999999999,0.0844,0.8859999999999999,128.69799999999998,189147,12
71,5734,0.598,0.56,6,-7.401,1,0.0278,0.0429,1.2e-05,0.12,0.775,179.52900000000002,289933,9
72,1302,0.754,0.785,10,-8.177999999999999,0,0.18,0.0287,0.00144,0.319,0.821,94.12299999999999,296267,11
73,6114,0.878,0.607,11,-9.032,0,0.149,0.0748,0.0,0.659,0.735,129.472,261773,4
74,6051,0.8240000000000001,0.48,0,-6.745,0,0.14400000000000002,0.17800000000000002,0.0,0.16699999999999998,0.7240000000000001,88.029,261080,8
75,6505,0.638,0.9059999999999999,2,-4.824,1,0.0504,0.0662,6.879999999999999e-05,0.142,0.767,107.991,209200,3
76,6506,0.392,0.6759999999999999,7,-11.914000000000001,1,0.0327,0.0056700000000000006,0.00011100000000000001,0.155,0.5479999999999999,120.926,278973,6
77,6507,0.723,0.857,7,-9.988999999999999,1,0.24100000000000002,0.0523,2.6600000000000003e-05,0.149,0.642,129.87,201893,14
78,6508,0.772,0.7609999999999999,5,-8.271,1,0.0358,0.141,0.0,0.0813,0.868,120.05799999999999,270027,9
79,6509,0.835,0.5529999999999999,6,-8.607000000000001,1,0.0784,0.0314,0.00025299999999999997,0.331,0.314,97.698,271308,11
80,5258,0.7759999999999999,0.731,9,-12.264000000000001,1,0.43,0.0945,0.00027400000000000005,0.318,0.485,92.39399999999999,245800,12
81,4557,0.8370000000000001,0.774,6,-8.707,1,0.265,0.0267,0.0,0.365,0.6709999999999999,91.17399999999999,293627,5
82,6510,0.773,0.79,5,-8.057,1,0.0782,0.193,0.0,0.0356,0.7120000000000001,88.977,270333,17
83,6097,0.688,0.98,5,-4.862,0,0.034,0.0693,0.462,0.16,0.5379999999999999,132.99200000000002,227933,11
84,5976,0.613,0.355,6,-8.218,1,0.0247,0.5670000000000001,0.0,0.0909,0.129,135.622,197667,2
85,6511,0.601,0.494,9,-10.304,1,0.0422,0.63,7.47e-06,0.132,0.308,79.976,270747,13
86,6170,0.6809999999999999,0.505,1,-11.709000000000001,1,0.138,0.13699999999999998,0.0,0.23399999999999999,0.39899999999999997,89.95299999999999,260067,1
87,6514,0.846,0.73,11,-7.867999999999999,0,0.0521,0.00122,0.7120000000000001,0.0591,0.7340000000000001,130.047,184613,14
88,6515,0.7979999999999999,0.561,4,-8.625,0,0.147,0.41200000000000003,0.0,0.0446,0.785,83.971,273400,9
89,6518,0.758,0.875,3,-4.518,0,0.0363,0.0851,0.0,0.22699999999999998,0.91,112.96600000000001,219467,10
90,6519,0.8190000000000001,0.7709999999999999,4,-4.427,0,0.195,0.113,2.3e-05,0.11800000000000001,0.731,88.016,231667,10
91,4888,0.711,0.6,1,-9.842,1,0.0334,0.10099999999999999,7.68e-05,0.16699999999999998,0.773,89.40899999999999,282533,2
92,6114,0.7290000000000001,0.581,5,-8.235,0,0.18,0.0777,3.81e-06,0.696,0.508,74.038,314680,19
93,5705,0.773,0.794,2,-5.486000000000001,1,0.215,0.0976,2.8899999999999998e-05,0.384,0.541,90.848,331000,1
94,786,0.47,0.501,5,-7.002000000000001,1,0.0277,0.653,0.000126,0.109,0.212,149.784,373267,1
95,5703,0.7979999999999999,0.6679999999999999,10,-4.824,1,0.091,0.0571,0.00987,0.204,0.43799999999999994,168.03900000000002,213733,8
96,306,0.531,0.856,10,-3.241,1,0.0288,0.0036899999999999997,0.00013700000000000002,0.13,0.44,90.015,442747,2
97,6521,0.619,0.7809999999999999,5,-7.455,0,0.0393,0.0243,0.000286,0.402,0.5329999999999999,126.26700000000001,236583,9
98,6522,0.613,0.721,1,-6.867999999999999,1,0.0252,0.000641,1.6e-05,0.13,0.763,107.956,212267,3
99,5368,0.733,0.669,0,-5.249,1,0.0542,0.312,0.0,0.113,0.607,161.786,308560,10
100,6523,0.47,0.682,6,-6.2620000000000005,0,0.0288,0.0433,0.00026000000000000003,0.0908,0.37,114.995,295733,20
101,6525,0.6970000000000001,0.364,5,-9.504,1,0.0316,0.498,4.84e-05,0.0828,0.48200000000000004,99.025,238800,20
102,6526,0.562,0.799,7,-8.958,1,0.0463,0.095,2.25e-05,0.217,0.425,88.03200000000001,278333,20
103,353,0.531,0.9079999999999999,5,-6.531000000000001,1,0.0592,0.0266,0.0,0.93,0.619,113.71700000000001,252667,4
104,6110,0.706,0.6459999999999999,0,-5.266,1,0.0441,0.327,0.0,0.301,0.355,136.935,294760,13
105,2186,0.408,0.634,9,-6.087000000000001,1,0.028999999999999998,0.21600000000000003,1.51e-05,0.0903,0.139,80.249,334240,9
106,5344,0.597,0.48,0,-6.425,1,0.0259,0.741,2.23e-06,0.10400000000000001,0.256,107.639,172307,2
107,5705,0.7979999999999999,0.624,7,-7.249,1,0.391,0.41700000000000004,1.01e-05,0.34,0.34700000000000003,89.02,270800,7
108,1101,0.601,0.527,1,-8.894,1,0.0246,0.601,0.0009660000000000001,0.177,0.284,105.95299999999999,274453,8
109,6527,0.504,0.775,1,-7.843999999999999,1,0.0331,0.0614,2.26e-05,0.307,0.8420000000000001,101.82700000000001,215000,18
110,5697,0.643,0.7,10,-6.814,0,0.221,0.02,0.0,0.115,0.578,170.15900000000002,284573,3
111,5735,0.625,0.621,10,-9.595,0,0.439,0.0193,3.04e-05,0.124,0.7709999999999999,88.21600000000001,224253,5
112,6528,0.6920000000000001,0.588,7,-8.713,1,0.0674,0.00264,0.713,0.17600000000000002,0.51,163.343,228740,29
113,4093,0.6629999999999999,0.462,2,-8.783999999999999,0,0.0252,0.306,0.0,0.0687,0.431,76.794,295000,22
114,6529,0.762,0.863,7,-4.124,1,0.0472,0.0869,0.0,0.10099999999999999,0.57,100.00299999999999,213600,20
115,1782,0.555,0.841,0,-6.704,1,0.35100000000000003,0.281,0.0,0.244,0.802,82.87100000000001,315893,14
116,4886,0.7070000000000001,0.445,1,-10.081,1,0.0337,0.0187,0.0011,0.0699,0.605,90.98100000000001,267893,14
117,5703,0.775,0.8370000000000001,10,-4.965,0,0.39,0.0383,0.0,0.315,0.807,95.86,244600,15
118,6531,0.7879999999999999,0.626,0,-8.582,1,0.354,0.262,0.0,0.0791,0.74,87.96,322227,20
119,5729,0.7929999999999999,0.634,7,-9.744,1,0.326,0.0038799999999999998,1.74e-05,0.0713,0.7509999999999999,90.965,214133,6
120,5120,0.843,0.8370000000000001,7,-5.37,1,0.267,0.261,0.0,0.222,0.774,89.095,284267,10
121,6533,0.6,0.706,10,-7.899,0,0.361,0.209,0.0,0.125,0.58,173.926,253533,25
122,3721,0.55,0.24100000000000002,10,-18.092,1,0.0482,0.395,2.37e-05,0.10400000000000001,0.135,83.964,257867,23
123,6535,0.682,0.647,8,-7.332000000000001,1,0.18899999999999997,0.0006929999999999999,5.97e-06,0.0693,0.529,181.86,249760,20
124,1772,0.897,0.43,7,-12.759,1,0.0551,0.0118,0.0,0.0473,0.9640000000000001,121.98700000000001,223120,10
125,5349,0.858,0.76,4,-7.895,0,0.254,0.0217,0.0,0.322,0.951,93.08200000000001,247613,10
126,6536,0.616,0.535,11,-8.789,1,0.0379,0.0814,0.0924,0.121,0.391,64.979,253040,23
127,6493,0.665,0.452,6,-8.486,0,0.0257,0.14,8.03e-06,0.125,0.304,136.12,272360,30
128,6537,0.72,0.7,4,-8.333,0,0.0802,0.0119,0.0,0.20199999999999999,0.764,93.167,276107,15
129,6538,0.562,0.652,1,-9.253,0,0.426,0.0103,0.0,0.557,0.545,177.987,272467,11
130,3239,0.855,0.7979999999999999,1,-4.018,1,0.237,0.0101,0.000615,0.628,0.855,90.429,295933,11
131,5771,0.731,0.355,8,-12.741,1,0.0603,0.00864,5.14e-05,0.0579,0.529,175.72,258467,29
132,6506,0.615,0.657,7,-6.872999999999999,1,0.028999999999999998,0.00037200000000000004,0.0204,0.132,0.792,109.95,185093,20
133,6494,0.718,0.486,9,-8.342,1,0.168,0.53,0.0342,0.102,0.589,83.07700000000001,262893,20
134,6486,0.7020000000000001,0.45799999999999996,0,-8.195,1,0.0348,0.247,1.64e-06,0.126,0.679,89.266,269173,20
135,4888,0.602,0.8370000000000001,8,-10.22,0,0.0894,0.0129,0.000181,0.161,0.8240000000000001,99.01899999999999,213133,8
136,6539,0.65,0.82,5,-10.9,0,0.0356,0.0655,0.00274,0.215,0.757,135.982,215973,13
137,6107,0.35200000000000004,0.698,7,-6.278,1,0.0303,0.0353,0.0,0.113,0.256,142.57,318533,35
138,4886,0.589,0.368,0,-12.979000000000001,1,0.0264,0.475,0.0,0.10800000000000001,0.523,89.626,201400,28
139,6129,0.725,0.68,0,-6.037000000000001,1,0.22399999999999998,0.149,0.0,0.127,0.695,90.964,268707,20
140,5681,0.782,0.665,1,-7.211,1,0.0754,0.135,3.15e-06,0.43799999999999994,0.7070000000000001,90.709,300573,6
141,6197,0.862,0.616,1,-10.76,1,0.223,0.00324,0.000592,0.321,0.552,91.065,247973,8
142,3668,0.642,0.8340000000000001,1,-5.9670000000000005,0,0.111,0.0375,3.55e-06,0.12,0.569,87.955,282427,9
143,4119,0.836,0.541,7,-10.880999999999998,1,0.0546,0.0313,9.08e-06,0.0603,0.888,110.694,221840,18
144,5283,0.7090000000000001,0.382,5,-11.155999999999999,1,0.0362,0.59,0.0,0.08,0.35100000000000003,111.72399999999999,180867,2
145,6540,0.669,0.809,7,-7.146,1,0.147,0.00137,0.0,0.38,0.5720000000000001,97.885,249293,27
146,6318,0.713,0.37799999999999995,7,-9.04,0,0.0298,0.00561,0.00186,0.0845,0.29100000000000004,99.055,260067,26
147,4898,0.7090000000000001,0.52,5,-9.365,0,0.0301,0.0682,0.0,0.0629,0.45299999999999996,134.173,379240,20
148,6099,0.585,0.573,6,-5.561,0,0.0761,0.133,1.12e-05,0.17300000000000001,0.591,76.05199999999999,258027,7
149,6542,0.7809999999999999,0.8809999999999999,9,-3.804,0,0.0423,0.0119,0.389,0.0797,0.868,125.935,203827,18
150,6543,0.607,0.483,0,-7.294,1,0.0257,0.6709999999999999,0.0,0.0978,0.252,114.353,244000,7
151,6097,0.736,0.8640000000000001,8,-6.567,1,0.0397,0.0179,1.62e-05,0.345,0.763,108.82799999999999,194560,20
152,5283,0.622,0.757,11,-9.35,0,0.0651,0.251,0.0138,0.18100000000000002,0.648,91.16799999999999,271227,19
153,2186,0.348,0.635,4,-6.836,1,0.0386,0.0932,0.0,0.126,0.14400000000000002,87.97399999999999,306240,20
154,4893,0.805,0.754,8,-6.678999999999999,0,0.156,0.0468,1.79e-06,0.0855,0.8440000000000001,90.214,212560,20
155,2862,0.703,0.804,2,-7.337999999999999,1,0.0291,0.12,0.00632,0.0541,0.965,122.01299999999999,282053,9
156,5680,0.7120000000000001,0.45399999999999996,7,-9.029,1,0.0478,0.0162,1.23e-06,0.111,0.659,82.619,212040,18
157,3540,0.54,0.579,5,-8.006,1,0.028999999999999998,0.203,0.0389,0.256,0.713,114.30799999999999,168267,20
158,68,0.565,0.7979999999999999,11,-8.295,0,0.087,0.00146,0.0201,0.33,0.433,88.954,297560,2
159,4385,0.36,0.932,2,-7.726,1,0.0565,0.000343,0.0314,0.111,0.805,185.926,203933,2
160,6544,0.7140000000000001,0.825,11,-5.447,0,0.0751,0.0128,0.0005690000000000001,0.049,0.7509999999999999,94.074,258560,29
161,6545,0.589,0.9620000000000001,7,-6.815,1,0.18100000000000002,0.0502,0.00225,0.242,0.503,103.396,227827,38
162,6098,0.696,0.49,6,-6.631,0,0.0347,0.155,0.00035099999999999997,0.0563,0.557,179.825,288840,20
163,362,0.368,0.852,10,-6.978,0,0.0433,7.47e-05,0.258,0.218,0.34700000000000003,171.692,284600,17
164,2924,0.628,0.389,5,-11.89,0,0.0294,0.342,1.04e-06,0.508,0.162,122.044,249122,11
165,5692,0.66,0.6890000000000001,4,-8.442,1,0.20600000000000002,0.40700000000000003,0.000731,0.0737,0.72,185.99400000000003,298773,9
166,6546,0.5,0.6809999999999999,0,-9.556000000000001,1,0.0672,0.114,4.01e-05,0.139,0.745,119.46,263333,7
167,6547,0.632,0.478,11,-7.921,0,0.321,0.0111,6.36e-05,0.34,0.532,94.64399999999999,221067,9
168,6154,0.7979999999999999,0.8009999999999999,1,-5.858,1,0.139,0.0773,0.000384,0.2,0.667,107.516,291493,10
169,5242,0.433,0.8290000000000001,11,-7.715,1,0.044000000000000004,0.0126,2.36e-05,0.084,0.8220000000000001,122.73299999999999,218560,20
170,6548,0.5770000000000001,0.436,2,-10.988,1,0.0275,0.41100000000000003,0.0,0.107,0.442,163.928,210867,10
171,5681,0.899,0.6,1,-7.4510000000000005,1,0.154,0.0184,1.6800000000000002e-05,0.0725,0.586,92.71700000000001,239227,15
172,1701,0.779,0.755,6,-5.604,1,0.039,0.045,0.00869,0.38299999999999995,0.861,101.557,232907,5
173,5553,0.8490000000000001,0.645,1,-7.841,1,0.0884,0.0132,3.48e-05,0.0839,0.5329999999999999,93.928,242600,1
174,6116,0.47100000000000003,0.45299999999999996,11,-13.593,0,0.0293,0.27,0.00025299999999999997,0.107,0.414,176.085,246200,13
175,6365,0.575,0.912,0,-7.039,1,0.0285,0.00463,6.01e-05,0.35200000000000004,0.591,135.988,232347,27
176,6508,0.5920000000000001,0.725,8,-8.698,1,0.0412,0.207,0.0,0.14800000000000002,0.784,78.235,246760,19
177,6134,0.679,0.765,7,-10.017000000000001,1,0.0378,0.21600000000000003,0.000303,0.0427,0.885,77.726,364000,7
178,1689,0.691,0.5710000000000001,10,-7.737,0,0.0347,0.0313,0.20600000000000002,0.11800000000000001,0.6409999999999999,92.52799999999999,293933,15
179,2988,0.38,0.643,0,-8.304,1,0.0287,4.8599999999999995e-05,2.6700000000000002e-05,0.244,0.297,113.67399999999999,264360,14
180,1358,0.57,0.478,7,-10.185,1,0.0322,0.536,1.3300000000000001e-05,0.0931,0.358,145.517,291667,24
181,6503,0.8420000000000001,0.961,5,-6.1339999999999995,1,0.0421,0.0193,0.0087,0.425,0.9390000000000001,122.979,220333,12
182,2532,0.547,0.8320000000000001,4,-3.071,1,0.0419,0.38799999999999996,0.0,0.109,0.887,82.071,181853,15
183,6401,0.493,0.9159999999999999,4,-7.172999999999999,1,0.0501,3.75e-05,2.4100000000000003e-05,0.115,0.589,128.615,234627,3
184,6549,0.563,0.524,6,-7.62,1,0.0225,0.43200000000000005,0.0,0.272,0.252,86.49600000000001,202333,2
185,6550,0.8140000000000001,0.8190000000000001,1,-7.642,1,0.242,0.00381,1.29e-06,0.295,0.5660000000000001,93.75200000000001,304801,2
186,6526,0.491,0.45799999999999996,11,-8.158999999999999,1,0.027000000000000003,0.653,0.0,0.16399999999999998,0.23800000000000002,141.724,267493,31
187,5703,0.722,0.745,4,-6.059,0,0.0536,0.151,6.26e-06,0.337,0.607,95.021,309947,20
188,137,0.611,0.888,0,-8.463,1,0.0421,0.0356,0.00542,0.409,0.672,138.999,308107,10
189,6553,0.7120000000000001,0.647,8,-4.149,1,0.0987,0.20600000000000002,1.05e-06,0.046,0.7,140.216,221093,10
190,6554,0.48,0.588,2,-10.773,1,0.0339,0.00213,0.7120000000000001,0.319,0.305,177.018,314440,7
191,6555,0.17600000000000002,0.98,11,-3.154,1,0.0721,0.0384,0.552,0.237,0.302,172.56599999999997,142200,9
192,6537,0.799,0.623,0,-9.374,1,0.0812,0.0141,0.0,0.43,0.773,103.649,238800,29
193,6557,0.8029999999999999,0.557,10,-8.446,0,0.0404,0.151,7.64e-06,0.0428,0.777,89.134,307067,16
194,5704,0.473,0.755,3,-6.281000000000001,0,0.364,0.00599,1.76e-06,0.36700000000000005,0.46799999999999997,199.94299999999998,320960,9
195,6558,0.47100000000000003,0.405,0,-8.427999999999999,1,0.0286,0.613,0.0,0.271,0.228,121.492,266907,10
196,3668,0.64,0.713,1,-7.494,0,0.0334,0.0487,0.00636,0.27899999999999997,0.21600000000000003,96.96799999999999,320773,13
197,4195,0.514,0.243,3,-12.347999999999999,1,0.0288,0.752,0.00054,0.0822,0.38799999999999996,171.81599999999997,260800,18
198,6553,0.655,0.8370000000000001,11,-6.04,0,0.0723,0.0262,5.85e-06,0.0454,0.66,91.014,253613,30
199,6106,0.639,0.8690000000000001,7,-8.479,1,0.0311,0.00336,0.002,0.0576,0.562,133.033,228013,17
200,6532,0.917,0.665,8,-6.053,1,0.0924,0.0816,0.0,0.196,0.8079999999999999,91.08200000000001,253800,11
201,6559,0.813,0.703,11,-5.077,0,0.268,0.125,1.26e-06,0.237,0.24100000000000002,94.82799999999999,224533,12
202,6560,0.902,0.653,9,-10.619000000000002,0,0.198,7.6e-05,7.34e-06,0.0829,0.8320000000000001,137.97,204333,18
203,220,0.27,0.528,5,-7.192,1,0.0345,0.036000000000000004,7.28e-06,0.13,0.285,159.24,312067,3
204,6133,0.705,0.439,6,-10.245999999999999,1,0.0263,0.37799999999999995,1.75e-05,0.0654,0.65,112.397,258893,20
205,5692,0.677,0.49700000000000005,9,-8.312000000000001,1,0.0259,0.21,0.0,0.11699999999999999,0.33799999999999997,130.126,241933,20
206,6561,0.51,0.424,2,-8.853,0,0.0284,0.591,0.000117,0.0938,0.514,82.509,296520,13
207,5917,0.8140000000000001,0.48100000000000004,0,-5.183,1,0.245,0.09699999999999999,3.8299999999999996e-05,0.0495,0.193,96.25200000000001,161400,15
208,6562,0.846,0.72,11,-7.096,0,0.0506,0.00495,1.6899999999999997e-05,0.32899999999999996,0.8640000000000001,133.658,233467,6
209,6160,0.688,0.8320000000000001,2,-7.276,1,0.0332,0.0452,0.0,0.165,0.83,116.60600000000001,206667,3
210,2329,0.855,0.79,5,-4.816,1,0.0397,0.0009119999999999999,0.00109,0.124,0.228,119.98100000000001,232118,5
211,6491,0.7440000000000001,0.574,8,-9.445,0,0.0651,0.165,1.27e-05,0.295,0.805,86.27799999999999,281880,20
212,5752,0.78,0.897,0,-4.79,1,0.0387,0.0565,1.08e-06,0.309,0.905,100.777,253600,13
213,6563,0.804,0.698,7,-10.562999999999999,0,0.0474,0.0942,1.39e-05,0.187,0.6779999999999999,126.63799999999999,280160,7
214,12,0.7709999999999999,0.616,1,-7.837000000000001,1,0.026000000000000002,0.389,1.61e-06,0.0621,0.9009999999999999,119.825,247400,12
215,6134,0.623,0.797,11,-10.825999999999999,1,0.0509,0.29600000000000004,8.340000000000001e-05,0.613,0.802,89.274,300800,35
216,6565,0.474,0.634,2,-8.471,0,0.0514,0.185,0.000118,0.067,0.353,184.208,225627,11
217,6197,0.767,0.5529999999999999,11,-8.509,0,0.0485,0.0775,0.312,0.0979,0.649,95.072,250267,16
218,6566,0.79,0.3,7,-14.602,1,0.0379,0.644,0.737,0.159,0.7140000000000001,137.9,118329,8
219,5312,0.865,0.6409999999999999,10,-6.652,0,0.162,0.0611,0.00010700000000000001,0.218,0.762,95.307,263533,9
220,6124,0.871,0.455,6,-12.414000000000001,1,0.179,0.0032,0.0,0.075,0.7090000000000001,91.926,193160,18
221,6555,0.684,0.6940000000000001,3,-5.776,1,0.0375,0.00035099999999999997,0.7,0.0496,0.882,121.34200000000001,140480,20
222,5289,0.623,0.337,5,-13.706,0,0.0253,0.6779999999999999,0.0,0.0674,0.452,95.677,243333,5
223,6107,0.22,0.769,11,-5.125,1,0.054000000000000006,0.20800000000000002,0.0,0.0985,0.495,170.773,258333,44
224,220,0.609,0.912,9,-3.324,1,0.0338,0.0734,3.1e-06,0.159,0.564,118.035,247467,20
225,2924,0.589,0.611,6,-9.959,1,0.0483,0.42,0.0,0.12,0.8190000000000001,86.01100000000001,268176,20
226,1242,0.5379999999999999,0.669,3,-8.012,0,0.0255,0.0594,0.000458,0.10099999999999999,0.382,102.009,262533,19
227,6116,0.723,0.6409999999999999,11,-9.177999999999999,0,0.0316,0.0765,0.00021600000000000002,0.11599999999999999,0.6729999999999999,137.336,336933,15
228,6567,0.486,0.9109999999999999,5,-4.18,1,0.0443,8.45e-05,0.00364,0.613,0.36200000000000004,126.39299999999999,270133,2
229,6568,0.638,0.58,7,-9.402000000000001,1,0.0285,0.077,1.09e-05,0.313,0.662,90.73200000000001,193773,11
230,1754,0.28300000000000003,0.698,0,-4.878,1,0.0305,0.0449,0.15,0.32,0.353,182.864,232307,15
231,6569,0.5710000000000001,0.5529999999999999,0,-8.584,1,0.0279,0.0319,0.0,0.109,0.209,126.215,264560,27
232,1711,0.37200000000000005,0.57,3,-7.305,1,0.0305,0.517,2.57e-06,0.141,0.23399999999999999,179.907,291333,21
233,5662,0.672,0.777,9,-4.238,0,0.0956,0.0379,0.00141,0.159,0.23800000000000002,90.575,305573,20
234,5284,0.52,0.449,5,-8.957,0,0.0331,0.205,0.000687,0.191,0.364,189.243,303960,22
235,6529,0.706,0.9259999999999999,9,-3.1919999999999997,0,0.127,0.00135,0.0,0.261,0.389,134.981,218778,20
236,5744,0.584,0.444,9,-11.424000000000001,0,0.0407,0.147,0.0,0.607,0.24,117.98700000000001,297273,15
237,4050,0.833,0.687,7,-8.612,0,0.0308,0.158,1.88e-06,0.0657,0.805,96.182,257560,1
238,1078,0.613,0.885,10,-7.462999999999999,1,0.052000000000000005,0.0804,0.746,0.0997,0.919,118.506,263213,2
239,6097,0.721,0.924,1,-8.282,1,0.0396,0.000683,0.0038200000000000005,0.0817,0.6940000000000001,130.947,244133,20
240,137,0.49700000000000005,0.523,0,-9.306000000000001,0,0.0307,0.191,0.000102,0.141,0.19399999999999998,138.061,295493,20
241,6570,0.738,0.937,9,-7.787999999999999,0,0.0668,0.0124,0.00206,0.0338,0.614,131.994,193827,20
242,6571,0.6890000000000001,0.506,11,-7.393,0,0.364,0.862,0.000172,0.10300000000000001,0.348,81.93299999999999,152163,20
243,3706,0.588,0.41700000000000004,4,-7.57,0,0.0302,0.585,0.0,0.168,0.18600000000000003,65.15,243093,23
244,6572,0.7440000000000001,0.56,10,-10.408,0,0.0383,0.00265,0.33299999999999996,0.0817,0.457,95.005,258960,6
245,2579,0.588,0.701,5,-8.272,1,0.03,0.235,0.0,0.151,0.664,94.48200000000001,280137,13
246,4021,0.802,0.75,6,-5.899,0,0.0576,0.0021899999999999997,0.57,0.0664,0.40399999999999997,98.046,240920,4
247,1689,0.5489999999999999,0.408,8,-7.6979999999999995,1,0.024,0.341,0.0,0.0764,0.319,80.133,320467,30
248,4574,0.519,0.517,1,-7.531000000000001,1,0.0286,0.0537,0.0,0.0928,0.344,141.808,261827,20
249,4886,0.6779999999999999,0.711,1,-8.949,1,0.0759,0.0165,0.0,0.0184,0.91,95.101,275200,20
250,5283,0.5720000000000001,0.324,0,-9.297,1,0.0512,0.737,0.0,0.124,0.23399999999999999,94.04799999999999,222333,14
251,6117,0.847,0.62,6,-7.763,0,0.124,0.00387,1.51e-05,0.12300000000000001,0.519,107.322,347733,16
252,6104,0.623,0.669,0,-9.985,1,0.0412,0.21100000000000002,3.2e-06,0.111,0.49200000000000005,94.02799999999999,245200,44
253,6097,0.813,0.882,7,-7.575,1,0.0402,0.0908,0.00457,0.147,0.8740000000000001,125.98299999999999,236933,45
254,4106,0.596,0.835,2,-13.020999999999999,0,0.0418,0.0418,1.11e-05,0.059000000000000004,0.637,101.359,324333,20
255,288,0.446,0.754,11,-6.622000000000001,1,0.0275,0.0255,0.0,0.161,0.402,171.667,291133,16
256,6103,0.763,0.655,2,-9.012,1,0.0688,0.0012699999999999999,0.0404,0.062,0.925,147.972,211427,18
257,6102,0.809,0.8759999999999999,0,-7.681,1,0.0478,0.000273,0.642,0.18899999999999997,0.757,126.964,215093,15
258,6318,0.59,0.6990000000000001,11,-7.529,0,0.079,0.00389,4.6899999999999995e-05,0.0577,0.63,188.268,276067,25
259,4119,0.58,0.265,2,-15.267000000000001,1,0.0317,0.7959999999999999,0.00018999999999999998,0.11,0.583,154.595,189827,26
260,5687,0.7879999999999999,0.642,7,-9.467,1,0.0392,0.0398,0.00024300000000000002,0.0529,0.9,106.041,325000,20
261,6145,0.71,0.431,0,-8.333,1,0.0388,0.0553,4.23e-05,0.0537,0.5529999999999999,93.105,229333,19
262,6099,0.6609999999999999,0.493,8,-8.485,0,0.0326,0.217,0.0,0.0664,0.201,95.021,295800,13
263,5284,0.8109999999999999,0.45799999999999996,5,-9.687999999999999,0,0.0402,0.0193,1.41e-06,0.0526,0.797,92.94,268533,32
264,6098,0.807,0.6509999999999999,5,-6.7139999999999995,0,0.0477,0.0236,6.65e-06,0.174,0.8290000000000001,91.02799999999999,313293,20
265,1997,0.523,0.622,2,-6.632000000000001,1,0.0245,0.0143,0.0065,0.297,0.446,147.878,310933,8
266,895,0.20600000000000002,0.252,6,-10.982000000000001,1,0.0364,0.903,0.00032,0.149,0.166,75.78699999999999,271173,7
267,6503,0.8320000000000001,0.953,5,-6.351,0,0.0367,0.0105,0.00607,0.0293,0.981,126.947,214000,20
268,6538,0.732,0.6559999999999999,2,-10.322000000000001,1,0.188,0.00143,0.0,0.0787,0.5670000000000001,92.337,260760,6
269,6401,0.456,0.897,9,-6.81,1,0.0599,0.00182,0.0104,0.303,0.34600000000000003,114.905,218613,13
270,4893,0.868,0.867,4,-5.976,0,0.28,0.267,1.0800000000000002e-05,0.228,0.595,99.469,248160,10
271,6116,0.687,0.583,7,-10.224,1,0.0639,0.225,0.0,0.105,0.21100000000000002,95.13799999999999,304160,27
272,2266,0.7090000000000001,0.813,7,-7.056,1,0.0393,0.157,0.0,0.114,0.8540000000000001,128.875,241533,20
273,989,0.688,0.888,8,-5.841,1,0.0305,0.0058200000000000005,9.23e-05,0.0565,0.728,120.021,291027,12
274,6104,0.609,0.439,5,-13.927,1,0.0644,0.623,0.0,0.0848,0.45299999999999996,161.07,233907,11
275,5738,0.884,0.823,7,-7.225,1,0.0483,0.012,0.0358,0.251,0.657,132.039,212733,18
276,5,0.52,0.32899999999999996,0,-14.224,1,0.0266,0.5760000000000001,0.0418,0.12,0.11800000000000001,86.85700000000001,266613,7
277,5917,0.7040000000000001,0.701,2,-8.031,1,0.46,0.5489999999999999,0.0,0.664,0.618,92.03200000000001,217507,16
278,353,0.6629999999999999,0.8059999999999999,2,-6.547999999999999,1,0.0456,0.359,0.0,0.11699999999999999,0.838,104.9,188867,17
279,14,0.467,0.5489999999999999,9,-10.511,1,0.0418,0.0859,0.0,0.312,0.292,133.591,300093,14
280,6574,0.475,0.475,2,-13.562000000000001,1,0.0375,0.376,0.0,0.245,0.524,144.731,233733,16
281,6575,0.5589999999999999,0.878,9,-9.865,0,0.0367,0.0105,0.00403,0.0947,0.851,131.60399999999998,396067,10
282,4954,0.8290000000000001,0.684,6,-8.058,1,0.151,0.203,0.00202,0.374,0.765,95.29,288667,10
283,6576,0.529,0.509,0,-8.926,1,0.0253,0.415,0.0,0.171,0.27,142.311,221427,3
284,1689,0.7120000000000001,0.612,0,-12.74,1,0.0441,0.831,0.441,0.11800000000000001,0.526,112.02799999999999,292907,7
285,6577,0.74,0.762,5,-7.166,0,0.0418,0.0131,0.0,0.28300000000000003,0.8320000000000001,127.37200000000001,223535,17
286,4053,0.623,0.976,5,-5.871,0,0.0436,0.00193,0.000944,0.32899999999999996,0.904,136.981,209893,7
287,5422,0.534,0.8140000000000001,2,-7.978,1,0.0717,0.0359,0.00539,0.721,0.6859999999999999,127.96700000000001,205907,6
288,6578,0.41200000000000003,0.622,8,-12.294,0,0.185,0.718,0.00305,0.28600000000000003,0.345,80.015,196676,2
289,6114,0.772,0.695,7,-8.013,1,0.0735,0.00295,0.0,0.42700000000000005,0.643,137.868,272440,14
290,6110,0.6609999999999999,0.626,11,-6.705,0,0.0253,0.0202,0.0152,0.07400000000000001,0.3,139.507,266400,2
291,4886,0.631,0.516,8,-8.225,1,0.0353,0.413,0.0,0.115,0.18,116.654,329800,27
292,6161,0.9420000000000001,0.595,8,-9.781,0,0.0458,0.152,0.00014199999999999998,0.0861,0.958,100.41,245067,20
293,4845,0.616,0.36200000000000004,9,-9.517999999999999,1,0.0224,0.627,0.0,0.368,0.415,88.522,212093,7
294,2140,0.574,0.586,7,-9.007,1,0.0246,0.10099999999999999,9.44e-06,0.0524,0.511,88.42,244667,8
295,6106,0.688,0.782,5,-12.290999999999999,0,0.034,0.00023500000000000002,0.6659999999999999,0.0955,0.77,127.822,264307,27
296,6160,0.583,0.276,2,-12.912,1,0.0264,0.47,0.0,0.14300000000000002,0.0486,78.079,247627,7
297,6112,0.743,0.591,1,-9.324,1,0.259,0.00984,0.0,0.11599999999999999,0.184,94.25399999999999,237907,20
298,2908,0.608,0.494,4,-12.210999999999999,0,0.0345,0.778,0.0,0.0926,0.879,112.421,160520,4
299,4973,0.703,0.838,7,-9.11,0,0.0451,0.24100000000000002,0.0,0.125,0.8340000000000001,120.50299999999999,234600,5
300,2186,0.38299999999999995,0.659,4,-5.558,1,0.0312,0.11699999999999999,0.0,0.0778,0.327,140.795,353027,32
301,4106,0.614,0.47600000000000003,0,-9.648,1,0.0321,0.0448,0.0,0.0608,0.644,84.93799999999999,295000,40
302,5332,0.77,0.875,9,-5.222,1,0.107,0.0171,4.3700000000000005e-05,0.0457,0.809,124.84100000000001,222911,34
303,6125,0.847,0.5539999999999999,2,-10.597999999999999,1,0.327,0.519,0.0,0.0532,0.625,92.661,242067,10
304,4904,0.7509999999999999,0.696,11,-8.716000000000001,0,0.201,0.00044,0.0118,0.302,0.782,83.275,315533,9
305,6519,0.866,0.657,1,-11.84,0,0.376,0.205,0.0,0.109,0.794,129.30700000000002,211227,14
306,1997,0.765,0.502,9,-7.393,1,0.0321,0.11900000000000001,0.0011,0.171,0.836,144.204,289440,22
307,3105,0.33,0.556,7,-11.494000000000002,1,0.0796,0.207,4.39e-05,0.315,0.506,173.828,222279,20
308,6559,0.763,0.7859999999999999,10,-6.472,0,0.22899999999999998,0.0146,0.0114,0.0817,0.504,93.85700000000001,325507,10
309,776,0.653,0.782,0,-8.26,1,0.0346,0.15,0.0,0.151,0.38799999999999996,95.834,303360,2
310,1191,0.73,0.611,10,-11.419,0,0.0454,0.41100000000000003,0.00542,0.0726,0.395,95.219,350493,2
311,6108,0.46299999999999997,0.245,8,-9.437999999999999,1,0.0387,0.9570000000000001,0.0,0.08900000000000001,0.395,129.415,246893,22
312,6101,0.363,0.38799999999999996,11,-8.607999999999999,0,0.034,0.7490000000000001,0.0,0.363,0.348,76.09899999999999,162093,32
313,6099,0.67,0.46799999999999997,1,-6.725,0,0.0328,0.325,0.0,0.0516,0.486,140.069,299800,27
314,6580,0.9009999999999999,0.655,11,-10.085,0,0.273,0.00743,0.00629,0.17300000000000001,0.807,96.005,255533,12
315,5329,0.727,0.657,5,-9.577,0,0.0359,0.00020299999999999997,0.00114,0.0984,0.309,126.01100000000001,137040,18
316,6100,0.777,0.9009999999999999,11,-10.789000000000001,0,0.168,0.00106,0.0,0.428,0.5770000000000001,133.011,248133,20
317,1754,0.6629999999999999,0.612,7,-8.339,1,0.0321,0.131,0.5760000000000001,0.11599999999999999,0.722,120.971,327507,14
318,2532,0.526,0.8109999999999999,1,-3.818,1,0.0338,0.444,0.0,0.0635,0.7190000000000001,160.98,276933,21
319,3721,0.48200000000000004,0.301,10,-10.341,1,0.0273,0.722,0.0012,0.166,0.0692,139.85299999999998,211293,23
320,6118,0.47700000000000004,0.946,2,-3.5660000000000003,1,0.0641,0.0776,0.0,0.319,0.8109999999999999,160.67,171667,20
321,1396,0.37,0.8540000000000001,2,-7.018,1,0.0812,0.00147,5.74e-06,0.0586,0.18100000000000002,184.06799999999998,332560,9
322,6139,0.9309999999999999,0.513,2,-4.655,1,0.263,0.10800000000000001,0.00043499999999999995,0.272,0.3,101.064,254093,16
323,6136,0.674,0.767,2,-7.303,1,0.0609,0.10400000000000001,1.09e-06,0.0893,0.8370000000000001,97.075,272160,17
324,6130,0.604,0.7859999999999999,10,-5.643,0,0.0741,0.0187,1.04e-05,0.0704,0.795,176.043,241467,19
325,2329,0.888,0.462,7,-8.615,1,0.205,0.0159,0.000218,0.301,0.435,100.352,250427,30
326,6098,0.703,0.469,11,-6.515,0,0.0415,0.177,0.0,0.726,0.6609999999999999,86.038,291667,28
327,6110,0.71,0.519,8,-9.933,1,0.0363,0.165,0.00198,0.0854,0.5770000000000001,117.837,343333,20
328,5286,0.5760000000000001,0.713,7,-7.808,1,0.0273,0.125,0.0,0.0687,0.498,86.999,261600,20
329,6581,0.882,0.603,0,-6.627999999999999,1,0.177,0.295,0.0208,0.0793,0.594,128.406,74726,2
330,776,0.429,0.413,4,-9.566,1,0.032,0.669,7.9e-06,0.28800000000000003,0.155,149.312,292733,18
331,6364,0.698,0.633,8,-6.68,0,0.0406,0.0508,0.272,0.264,0.55,94.085,252267,9
332,6102,0.894,0.764,4,-10.027999999999999,0,0.0604,0.0015400000000000001,0.0349,0.0323,0.7959999999999999,127.038,290933,30
333,4974,0.8109999999999999,0.725,8,-7.202999999999999,1,0.0491,0.0843,0.0059,0.0567,0.698,120.242,278627,45
334,6119,0.591,0.574,5,-8.276,0,0.0269,0.228,1.4300000000000002e-05,0.0794,0.22899999999999998,131.495,268160,20
335,6582,0.868,0.816,0,-5.3420000000000005,1,0.078,0.0476,0.0,0.09300000000000001,0.943,125.111,216907,11
336,4886,0.5670000000000001,0.501,2,-8.038,1,0.0241,0.0995,0.0,0.0986,0.2,142.589,236773,33
337,6100,0.8690000000000001,0.725,9,-12.507,0,0.256,0.0453,0.0,0.203,0.6990000000000001,132.989,261360,38
338,5703,0.835,0.456,6,-10.195,0,0.266,0.38,0.00359,0.16,0.22399999999999998,101.889,189760,20
339,6583,0.7140000000000001,0.156,0,-20.52,0,0.9329999999999999,0.332,0.0,0.153,0.27899999999999997,84.11200000000001,185545,9
340,4974,0.769,0.847,2,-8.828,1,0.0839,0.0136,0.00119,0.10800000000000001,0.647,123.15700000000001,284267,4
341,6585,0.708,0.8370000000000001,10,-6.761,0,0.209,0.0406,0.000307,0.11900000000000001,0.74,89.985,258760,11
342,6586,0.7340000000000001,0.621,4,-9.818999999999999,0,0.0756,0.0446,7.06e-06,0.401,0.48100000000000004,94.785,240013,7
343,1255,0.8440000000000001,0.843,10,-5.763,0,0.0551,0.113,0.0439,0.1,0.647,111.89299999999999,305667,22
344,4119,0.82,0.528,9,-11.179,1,0.0321,0.111,0.0186,0.257,0.9309999999999999,120.09100000000001,272107,33
345,5283,0.682,0.7390000000000001,10,-8.504,1,0.0763,0.129,0.0,0.252,0.685,92.89399999999999,349560,20
346,3663,0.674,0.465,5,-8.565,1,0.0258,0.441,0.0,0.098,0.317,129.89600000000002,338667,5
347,2878,0.581,0.509,11,-10.9,1,0.0528,0.488,0.0,0.0703,0.363,77.255,256200,12
348,5703,0.804,0.654,6,-8.07,0,0.145,0.009290000000000001,6.0599999999999996e-05,0.10800000000000001,0.529,97.816,255333,1
349,4353,0.838,0.542,1,-6.8839999999999995,0,0.0951,0.115,0.0075,0.374,0.239,87.094,366160,9
350,6530,0.8009999999999999,0.5920000000000001,1,-9.868,1,0.43799999999999994,0.0522,0.0028899999999999998,0.0625,0.512,93.54,252613,4
351,55,0.665,0.888,7,-4.433,1,0.0552,0.0695,0.00147,0.10400000000000001,0.951,144.339,207507,42
352,2266,0.735,0.804,6,-6.476,0,0.0347,0.0145,0.0,0.0716,0.539,130.018,233200,25
353,6138,0.608,0.677,4,-9.951,0,0.0246,0.0058,0.000537,0.266,0.787,114.046,248560,12
354,6115,0.285,0.552,1,-8.592,1,0.0451,0.0048200000000000005,0.0,0.147,0.111,94.965,338333,17
355,215,0.43799999999999994,0.606,7,-6.5489999999999995,1,0.0305,0.3,4.49e-06,0.0754,0.266,133.822,240760,30
356,1689,0.813,0.655,1,-7.8839999999999995,1,0.0262,0.10099999999999999,6.65e-05,0.146,0.46,99.98200000000001,304933,22
357,5677,0.669,0.9309999999999999,11,-7.1610000000000005,0,0.0488,0.000573,0.56,0.106,0.8290000000000001,102.079,223227,20
358,6142,0.75,0.7190000000000001,9,-8.469,1,0.21100000000000002,0.256,0.0,0.341,0.6940000000000001,97.82,250560,20
359,6131,0.589,0.532,6,-8.572000000000001,0,0.0271,0.155,0.0903,0.32299999999999995,0.434,84.012,253960,8
360,4708,0.45299999999999996,0.228,0,-13.907,1,0.0444,0.736,1.32e-06,0.193,0.47100000000000003,127.49700000000001,147067,20
361,6587,0.708,0.7759999999999999,4,-7.377999999999999,0,0.278,0.0195,2.05e-06,0.21600000000000003,0.379,91.28299999999999,321627,5
362,6588,0.833,0.665,2,-7.086,1,0.0744,0.152,4.44e-05,0.15,0.8390000000000001,92.044,271600,5
363,6111,0.5479999999999999,0.858,1,-2.435,1,0.0757,0.185,0.0,0.251,0.774,138.026,196804,27
364,1191,0.841,0.41200000000000003,7,-10.335999999999999,1,0.0445,0.0919,0.0,0.0908,0.6609999999999999,93.65,239307,21
365,6128,0.245,0.542,7,-7.159,1,0.0324,0.147,4.05e-06,0.102,0.365,204.824,211960,12
366,6589,0.6459999999999999,0.752,10,-8.357000000000001,1,0.0304,0.0338,0.00039,0.0344,0.914,92.639,265400,6
367,6122,0.769,0.624,1,-10.559000000000001,0,0.19699999999999998,0.17300000000000001,1.02e-06,0.37799999999999995,0.569,95.23200000000001,239067,13
368,2484,0.65,0.32299999999999995,11,-10.954,1,0.0258,0.7090000000000001,0.0768,0.0829,0.318,84.02,256707,18
369,5295,0.8079999999999999,0.765,1,-6.124,1,0.0391,0.0363,0.00011999999999999999,0.0171,0.94,106.958,234307,21
370,4059,0.754,0.47200000000000003,8,-11.787,1,0.0807,0.257,2.09e-05,0.121,0.613,169.199,229600,36
371,6120,0.7190000000000001,0.551,7,-11.841,1,0.0914,0.0279,0.0,0.536,0.614,96.15899999999999,265640,20
372,3458,0.31,0.945,8,-6.712999999999999,1,0.16699999999999998,0.0173,0.0074,0.21100000000000002,0.242,108.43700000000001,455560,8
373,6125,0.79,0.618,4,-10.413,0,0.326,0.105,0.0,0.23,0.518,93.087,226173,18
374,1556,0.40399999999999997,0.405,7,-8.137,1,0.0295,0.747,0.0,0.0927,0.386,110.71,232160,10
375,55,0.765,0.847,6,-6.629,1,0.0308,0.182,0.0017,0.0401,0.861,128.505,180427,17
376,5734,0.737,0.575,5,-9.554,0,0.0284,0.00256,0.0,0.0939,0.434,121.973,286400,15
377,1096,0.737,0.495,1,-13.489,1,0.027000000000000003,0.0588,9.12e-06,0.0542,0.9670000000000001,104.40899999999999,197147,27
378,6117,0.868,0.37200000000000005,4,-12.704,0,0.177,0.0103,0.00455,0.076,0.6659999999999999,99.965,266333,21
379,5048,0.537,0.86,3,-7.042000000000001,0,0.0339,0.0627,0.0008560000000000001,0.0929,0.5529999999999999,134.616,296933,20
380,6124,0.875,0.68,10,-7.593999999999999,1,0.0844,0.0675,0.0,0.22399999999999998,0.687,96.005,199960,18
381,4467,0.607,0.7140000000000001,5,-9.776,0,0.0536,0.00805,1.24e-05,0.213,0.573,165.93900000000002,270652,7
382,336,0.436,0.792,9,-3.375,1,0.0341,0.0179,0.0,0.0828,0.45899999999999996,77.523,240533,14
383,3382,0.846,0.514,9,-15.699000000000002,0,0.171,0.006679999999999999,0.0103,0.0517,0.769,98.06299999999999,267800,15
384,6137,0.7140000000000001,0.966,8,-6.256,1,0.198,0.142,0.0,0.303,0.7240000000000001,107.219,177933,10
385,1754,0.368,0.927,2,-4.523,1,0.0339,0.174,0.282,0.10099999999999999,0.738,94.756,241160,20
386,5721,0.805,0.573,1,-8.549,1,0.287,0.0701,3.3e-06,0.11199999999999999,0.43700000000000006,91.794,233693,15
387,2952,0.596,0.743,6,-4.149,1,0.0302,0.0696,2.37e-06,0.20199999999999999,0.531,125.883,158807,19
388,4457,0.551,0.496,5,-8.049,1,0.0293,0.157,1.43e-06,0.0934,0.2,105.837,288333,3
389,6135,0.821,0.489,4,-9.445,0,0.195,0.271,0.00251,0.207,0.634,84.852,307827,11
390,5752,0.688,0.7190000000000001,11,-6.037999999999999,1,0.0582,0.0363,1.29e-06,0.297,0.653,97.75,287867,4
391,6112,0.52,0.847,9,-5.3,1,0.42700000000000005,0.272,0.0,0.325,0.799,177.37099999999998,302013,25
392,6121,0.552,0.645,7,-6.595,1,0.0268,0.00187,1.38e-06,0.0424,0.588,89.51799999999999,299733,23
393,6114,0.6829999999999999,0.74,11,-6.041,0,0.0462,0.00228,0.0,0.23800000000000002,0.65,129.515,281773,20
394,3631,0.6629999999999999,0.5539999999999999,2,-8.657,0,0.0306,0.0487,1.0300000000000001e-05,0.109,0.6579999999999999,124.8,306800,16
395,6140,0.457,0.47600000000000003,1,-7.737,1,0.0308,0.47700000000000004,2.14e-05,0.12,0.247,149.404,195067,7
396,6132,0.514,0.584,5,-13.049000000000001,1,0.042,0.0698,0.000183,0.205,0.557,114.145,189627,11
397,54,0.507,0.915,2,-4.579,1,0.0953,0.051,0.000495,0.29100000000000004,0.61,164.96599999999998,211720,14
398,6110,0.701,0.39299999999999996,9,-10.236,0,0.0299,0.605,3.41e-05,0.109,0.337,142.106,253190,26
399,776,0.231,0.47700000000000004,10,-7.747999999999999,1,0.028999999999999998,0.747,2.61e-06,0.122,0.235,95.969,259667,20
400,91,0.742,0.56,9,-7.905,1,0.0424,0.325,0.0378,0.5379999999999999,0.715,122.20200000000001,283840,15
401,6141,0.517,0.758,9,-10.457,1,0.0363,0.000362,0.723,0.332,0.705,130.708,168840,14
402,4845,0.713,0.6920000000000001,7,-8.554,1,0.0365,0.43200000000000005,0.0,0.271,0.884,140.561,216200,5
403,6131,0.626,0.441,9,-10.637,0,0.0308,0.7609999999999999,0.0138,0.0685,0.563,78.094,291400,20
404,4870,0.42,0.33,9,-13.925,1,0.0275,0.245,0.000679,0.0677,0.175,157.143,295600,20
405,5679,0.8,0.639,4,-7.406000000000001,0,0.0439,0.00123,0.0,0.0803,0.45,129.44299999999998,226027,1
406,6143,0.457,0.618,6,-6.682,1,0.0296,0.00114,0.00257,0.0679,0.579,80.184,305533,16
407,2878,0.537,0.474,1,-8.549,0,0.0344,0.618,0.0,0.193,0.275,109.09,236400,20
408,137,0.276,0.607,10,-8.089,1,0.0369,0.28300000000000003,0.44,0.107,0.157,160.45,290093,20
409,6129,0.885,0.721,9,-7.157,1,0.304,0.317,0.0,0.12,0.57,97.205,256373,20
410,1287,0.737,0.804,1,-4.59,0,0.0297,0.188,5.43e-06,0.0347,0.966,117.105,172533,20
411,6590,0.743,0.9209999999999999,10,-8.244,1,0.0549,0.285,4.6e-05,0.165,0.807,79.846,236333,1
412,1281,0.40299999999999997,0.282,10,-7.95,1,0.0287,0.6940000000000001,0.0,0.0914,0.204,128.113,227827,6
413,5689,0.7020000000000001,0.439,5,-11.185,1,0.0288,0.6709999999999999,0.00305,0.0971,0.5479999999999999,135.41299999999998,274307,9
0,2908,0.546,0.653,11,-7.0329999999999995,0,0.051,0.579,0.000254,0.929,0.562,70.952,141787,0
1,6591,0.84,0.713,7,-5.4110000000000005,1,0.0399,0.0167,0.0,0.359,0.965,145.06799999999998,198920,0
2,6449,0.264,0.00743,9,-31.584,0,0.0422,0.897,0.0445,0.0932,0.0366,75.262,69627,0
3,4709,0.48100000000000004,0.5660000000000001,5,-10.054,0,0.0342,0.174,0.0743,0.355,0.302,106.634,423640,0
4,3407,0.677,0.38299999999999995,9,-10.212,1,0.0265,0.473,0.0,0.111,0.502,103.08200000000001,224000,0
5,6592,0.579,0.382,7,-13.084000000000001,0,0.027999999999999997,0.491,0.000206,0.086,0.203,96.887,270533,0
6,2164,0.526,0.507,4,-6.647,0,0.028999999999999998,0.38799999999999996,0.0,0.115,0.14,113.65299999999999,266787,0
7,3731,0.8170000000000001,0.606,11,-10.03,0,0.0959,0.0178,0.000521,0.0567,0.835,155.941,204533,0
8,5277,0.68,0.632,11,-8.965,0,0.0421,0.43700000000000006,0.0,0.0639,0.6829999999999999,85.88600000000001,192667,0
9,5187,0.5670000000000001,0.507,7,-8.13,1,0.0263,0.295,0.0,0.122,0.395,141.80700000000002,283733,0
10,5885,0.743,0.713,4,-6.986000000000001,0,0.281,0.0731,0.0,0.365,0.34,80.042,270960,0
11,6594,0.45,0.0314,5,-25.055,1,0.0498,0.995,0.9179999999999999,0.11800000000000001,0.523,127.89299999999999,100867,0
12,6595,0.603,0.293,4,-12.984000000000002,1,0.0312,0.618,1.18e-06,0.109,0.556,135.16899999999998,222467,0
13,1302,0.688,0.583,1,-9.082,0,0.389,0.263,0.0,0.163,0.306,93.96600000000001,312693,0
14,6596,0.561,0.0543,11,-23.316999999999997,0,0.0321,0.981,0.912,0.0829,0.0707,143.985,257933,0
15,6448,0.509,0.235,7,-9.936,1,0.0296,0.647,5.21e-05,0.20199999999999999,0.563,118.338,185133,0
16,5956,0.696,0.298,0,-15.674000000000001,1,0.0609,0.883,0.7559999999999999,0.102,0.226,83.199,146787,0
17,6601,0.628,0.318,11,-11.344000000000001,1,0.0277,0.402,0.00011100000000000001,0.08800000000000001,0.0605,96.009,359973,0
18,6602,0.769,0.57,0,-6.432,0,0.0403,0.782,0.0,0.115,0.9159999999999999,104.79299999999999,186960,0
19,6603,0.626,0.726,10,-8.89,0,0.0304,0.36,0.00281,0.0523,0.7509999999999999,102.51899999999999,312587,0
20,3161,0.606,0.897,2,-4.82,1,0.0561,0.284,0.000336,0.496,0.698,89.712,517667,0
21,6604,0.168,0.743,2,-2.6519999999999997,1,0.0591,0.00135,0.00125,0.379,0.336,123.869,306067,0
22,420,0.308,0.0146,1,-31.689,0,0.0443,0.991,0.8590000000000001,0.0776,0.11,133.814,244067,0
23,6606,0.631,0.7390000000000001,4,-5.686,0,0.0774,0.4,0.0,0.275,0.48700000000000004,161.304,240333,0
24,6607,0.41700000000000004,0.8490000000000001,1,-4.199,0,0.0481,0.0146,0.00038700000000000003,0.0673,0.594,94.26700000000001,171693,0
25,6608,0.43200000000000005,0.222,5,-17.879,0,0.0508,0.805,0.231,0.109,0.19899999999999998,143.43200000000002,293133,0
26,4664,0.488,0.8009999999999999,2,-7.388,1,0.0327,0.000746,0.87,0.0806,0.386,128.115,233307,0
27,5258,0.857,0.631,8,-11.829,0,0.303,0.000956,0.00303,0.0748,0.303,81.241,182933,0
28,1568,0.264,0.22699999999999998,6,-16.224,1,0.0313,0.7140000000000001,0.452,0.0692,0.134,98.751,107227,0
29,6609,0.695,0.74,1,-6.877999999999999,1,0.0751,0.0376,0.0008380000000000001,0.535,0.752,122.427,156907,0
30,6610,0.72,0.6579999999999999,0,-8.318,1,0.289,0.28800000000000003,0.0,0.218,0.727,111.98299999999999,295307,0
31,6604,0.556,0.605,7,-6.321000000000001,1,0.0287,0.8740000000000001,0.000128,0.146,0.375,98.945,187920,0
32,5489,0.361,0.971,5,-6.579,1,0.17600000000000002,1.24e-06,0.5670000000000001,0.644,0.222,95.085,155760,0
33,3407,0.6709999999999999,0.366,9,-13.325999999999999,1,0.0418,0.13699999999999998,0.0,0.24600000000000002,0.696,71.962,200000,0
34,6611,0.551,0.301,5,-13.565999999999999,1,0.0379,0.941,0.774,0.0918,0.5720000000000001,83.62299999999999,178960,0
35,6612,0.4,0.7609999999999999,1,-7.127000000000001,0,0.078,0.73,0.37,0.11199999999999999,0.752,153.412,253366,0
36,6613,0.775,0.419,3,-12.114,1,0.33899999999999997,0.5710000000000001,5.85e-05,0.183,0.9690000000000001,136.15200000000002,125533,0
37,5310,0.727,0.47600000000000003,1,-9.57,0,0.11599999999999999,0.0262,0.000563,0.0892,0.523,96.08,233547,0
38,4480,0.516,0.733,7,-11.341,0,0.0326,0.000373,0.00716,0.258,0.552,98.005,226027,0
39,6614,0.426,0.501,4,-9.059,1,0.368,0.405,0.0,0.271,0.134,100.588,491013,0
40,6607,0.55,0.9640000000000001,8,-3.713,0,0.0818,0.000138,0.8640000000000001,0.0717,0.935,86.309,86267,0
41,1851,0.509,0.43700000000000006,3,-10.748,1,0.026000000000000002,0.193,3.02e-05,0.107,0.29100000000000004,131.131,211133,0
42,6615,0.308,0.456,5,-9.545,1,0.0298,0.726,0.0,0.14,0.615,180.79,149293,0
43,1456,0.17800000000000002,0.05,7,-33.942,1,0.0387,0.823,0.603,0.0766,0.0363,75.898,221693,0
44,6616,0.301,0.6829999999999999,7,-12.269,1,0.0811,0.0812,0.875,0.163,0.435,216.082,271464,0
45,1620,0.305,0.12,11,-24.268,0,0.0375,0.902,0.278,0.14400000000000002,0.37,146.813,203067,0
46,3906,0.52,0.652,5,-6.655,1,0.0274,0.34,5.489999999999999e-05,0.256,0.722,80.609,258787,0
47,557,0.278,0.0451,7,-24.875,1,0.0411,0.983,0.0169,0.209,0.14300000000000002,101.14,456000,0
48,6617,0.316,0.205,5,-13.585,1,0.0388,0.7859999999999999,1.15e-05,0.12,0.106,120.89299999999999,300693,0
49,280,0.653,0.602,5,-9.415,1,0.0266,0.584,3.26e-05,0.218,0.555,117.024,255400,0
50,6618,0.746,0.8640000000000001,11,-4.235,0,0.0406,0.0282,1.06e-05,0.115,0.8009999999999999,89.976,276027,0
51,5156,0.7559999999999999,0.565,0,-9.832,1,0.0287,0.309,0.00128,0.243,0.655,101.944,226280,0
52,6619,0.361,0.0859,5,-17.129,1,0.0469,0.987,2.48e-05,0.10400000000000001,0.418,122.98,258173,0
53,5986,0.848,0.406,5,-8.777000000000001,1,0.0454,0.8340000000000001,0.0,0.349,0.8490000000000001,111.865,91040,0
54,6624,0.415,0.24100000000000002,8,-12.165999999999999,1,0.0422,0.898,0.0,0.371,0.29100000000000004,102.836,323880,0
55,6625,0.5579999999999999,0.943,2,-7.071000000000001,1,0.033,0.249,0.000808,0.0917,0.973,144.936,179907,0
56,3848,0.6609999999999999,0.9690000000000001,8,-4.667,1,0.0935,0.0392,0.0,0.185,0.789,102.455,149907,0
57,6617,0.244,0.166,1,-16.229,0,0.0343,0.8490000000000001,0.0,0.531,0.0734,169.84599999999998,262067,0
58,6614,0.42100000000000004,0.78,0,-8.711,1,0.0685,0.016,0.0,0.18100000000000002,0.423,79.883,265040,0
59,6626,0.475,0.746,7,-4.56,1,0.0352,0.00673,1.91e-05,0.0752,0.7140000000000001,147.981,258733,0
60,6627,0.215,0.862,11,-7.629,0,0.11599999999999999,7.41e-05,0.753,0.147,0.218,157.08100000000002,207793,0
61,3313,0.568,0.281,2,-13.716,1,0.0323,0.478,0.00344,0.11199999999999999,0.0689,112.876,279560,0
62,6628,0.585,0.0816,0,-19.947,1,0.115,0.934,0.0,0.0463,0.42700000000000005,125.875,97893,0
63,6629,0.85,0.42700000000000005,0,-8.741,0,0.0602,0.228,0.0206,0.095,0.9179999999999999,87.71,163333,0
64,6630,0.2,0.0772,5,-23.759,1,0.0412,0.985,0.9570000000000001,0.0852,0.0799,67.71600000000001,65067,0
65,5831,0.863,0.662,2,-7.0920000000000005,1,0.11900000000000001,0.0139,0.0,0.0526,0.733,87.006,265200,0
66,6633,0.669,0.705,5,-6.7620000000000005,1,0.233,0.0641,0.000182,0.13699999999999998,0.934,204.01,169000,0
67,6634,0.499,0.308,0,-14.048,1,0.0841,0.975,0.0,0.0506,0.25,115.71,189659,0
68,6635,0.907,0.499,6,-11.959000000000001,1,0.158,0.0632,7.2e-05,0.6559999999999999,0.6609999999999999,134.195,271293,0
69,6636,0.828,0.47200000000000003,10,-9.552999999999999,1,0.48700000000000004,0.625,0.0,0.0832,0.78,103.821,75667,0
70,6637,0.6509999999999999,0.693,10,-4.992,0,0.128,0.0125,0.0,0.0777,0.483,78.015,365800,0
71,6640,0.557,0.677,7,-6.126,1,0.0263,0.156,8.48e-06,0.105,0.503,76.442,245000,0
72,6641,0.584,0.591,0,-12.683,1,0.0342,0.00293,1.3e-06,0.0843,0.5579999999999999,117.038,266160,0
73,6642,0.447,0.88,9,-7.934,1,0.0419,2.86e-06,0.597,0.1,0.368,123.654,285933,0
74,5446,0.168,0.996,6,-6.13,0,0.18100000000000002,0.00022,0.0764,0.878,0.0345,134.125,290413,0
75,2697,0.544,0.882,11,-6.419,1,0.0834,0.0953,0.0,0.375,0.348,139.21200000000002,21827,0
76,4664,0.5589999999999999,0.5670000000000001,4,-7.155,0,0.036000000000000004,0.174,0.10300000000000001,0.122,0.22699999999999998,130.036,301067,0
77,6643,0.185,0.9690000000000001,8,-7.412999999999999,1,0.0612,0.00014099999999999998,0.0321,0.36700000000000005,0.43700000000000006,191.822,241227,0
78,6644,0.19399999999999998,0.25,2,-11.629000000000001,1,0.036000000000000004,0.818,0.278,0.401,0.51,112.194,110973,0
79,3388,0.28300000000000003,0.0938,0,-19.184,1,0.0368,0.9209999999999999,0.847,0.5670000000000001,0.147,95.824,350000,0
80,471,0.507,0.27699999999999997,7,-12.31,1,0.0898,0.248,6.06e-06,0.0286,0.903,187.924,189587,0
81,6647,0.531,0.838,9,-6.375,1,0.0701,0.39799999999999996,0.000221,0.249,0.355,142.192,173440,0
82,6648,0.26899999999999996,0.895,9,-6.382000000000001,1,0.11800000000000001,0.083,0.00266,0.153,0.16,168.479,299507,0
83,6649,0.42700000000000005,0.741,6,-5.845,0,0.0286,0.000264,0.0,0.267,0.451,107.825,222920,0
84,6650,0.18600000000000003,0.203,2,-12.110999999999999,0,0.0314,0.47100000000000003,0.00098,0.18899999999999997,0.2,173.33900000000003,90053,0
85,6591,0.653,0.596,9,-6.106,1,0.0842,0.109,0.0,0.0776,0.88,206.183,169853,0
86,6656,0.19899999999999998,0.11699999999999999,8,-14.019,0,0.0533,0.84,0.884,0.10400000000000001,0.319,77.84100000000001,164389,0
87,3510,0.7509999999999999,0.815,5,-5.593,1,0.10300000000000001,0.314,3.41e-05,0.187,0.968,104.98700000000001,171333,0
88,6657,0.73,0.265,10,-12.0,1,0.0489,0.574,0.0,0.0307,0.752,95.053,208427,0
89,6658,0.32299999999999995,0.715,9,-6.722,1,0.0451,0.00146,0.565,0.0895,0.71,174.787,220253,0
90,776,0.799,0.732,0,-7.131,1,0.0733,0.0396,0.0,0.33799999999999997,0.769,104.999,285493,0
91,623,0.56,0.359,5,-10.842,1,0.0265,0.26,2.47e-05,0.16699999999999998,0.253,81.141,378160,0
92,6659,0.248,0.122,1,-13.783,1,0.0337,0.958,0.0106,0.111,0.0625,92.64200000000001,159760,0
93,6660,0.7140000000000001,0.633,11,-6.487,0,0.11699999999999999,0.05,0.00143,0.129,0.293,166.8,314960,0
94,6137,0.6459999999999999,0.768,10,-9.999,0,0.93,0.71,0.0,0.698,0.326,113.992,210040,0
95,6660,0.7909999999999999,0.672,1,-11.927999999999999,1,0.809,0.6829999999999999,0.0,0.21600000000000003,0.5760000000000001,95.479,138827,0
96,5831,0.6890000000000001,0.6579999999999999,9,-7.532,0,0.0767,0.154,0.0,0.499,0.608,149.991,310133,0
97,6661,0.7490000000000001,0.502,0,-5.801,0,0.0503,0.35600000000000004,0.0,0.0961,0.8240000000000001,90.03299999999999,197960,0
98,986,0.506,0.742,5,-6.695,1,0.0351,0.000145,9.68e-06,0.287,0.37,117.818,292293,0
99,6098,0.7959999999999999,0.515,8,-8.083,0,0.0276,0.245,0.00196,0.0515,0.9,93.27799999999999,292067,0
100,6662,0.46,0.337,2,-15.26,1,0.0324,0.66,0.000587,0.245,0.345,88.459,187507,0
101,6663,0.588,0.642,3,-10.101,1,0.924,0.168,0.0,0.249,0.8240000000000001,96.45700000000001,28008,0
102,2673,0.7759999999999999,0.35600000000000004,2,-13.604000000000001,1,0.0407,0.34299999999999997,1.52e-05,0.0753,0.91,88.663,196307,0
103,6665,0.519,0.47200000000000003,1,-8.568999999999999,1,0.415,0.48200000000000004,0.00162,0.114,0.602,176.00799999999998,235400,0
104,6046,0.501,0.517,4,-8.207,0,0.0359,0.653,0.0,0.18,0.498,104.28,278667,0
105,5409,0.8170000000000001,0.917,7,-6.519,0,0.0483,0.654,2.32e-06,0.0599,0.985,141.987,162800,0
106,3355,0.924,0.794,1,-6.215,1,0.324,0.0569,8.14e-06,0.226,0.452,96.65899999999999,324333,0
107,6666,0.24100000000000002,0.36700000000000005,7,-7.95,1,0.0311,0.8440000000000001,0.00279,0.0873,0.302,135.267,250984,0
108,5053,0.794,0.479,0,-12.523,1,0.0374,0.8190000000000001,0.00274,0.433,0.861,104.689,220378,0
109,6667,0.52,0.447,4,-12.623,0,0.0282,0.35200000000000004,0.8959999999999999,0.27,0.65,115.449,162507,0
110,5137,0.531,0.838,5,-6.724,1,0.0263,0.00673,0.000344,0.16699999999999998,0.769,135.586,232800,0
111,6607,0.544,0.9390000000000001,11,-4.869,1,0.0566,0.0013800000000000002,0.757,0.266,0.772,103.62799999999999,112027,0
112,6668,0.711,0.62,11,-10.174,0,0.212,0.0175,0.0,0.134,0.805,179.817,217627,0
113,5869,0.524,0.183,8,-13.972000000000001,1,0.0345,0.782,0.0,0.11699999999999999,0.392,110.551,156760,0
114,3861,0.531,0.47700000000000004,0,-5.5489999999999995,1,0.0257,0.163,0.0,0.369,0.171,107.56299999999999,285560,0
115,6669,0.583,0.457,10,-13.339,1,0.0318,0.46299999999999997,0.8,0.0876,0.84,122.464,152133,0
116,6670,0.5760000000000001,0.10800000000000001,5,-22.035,1,0.0487,0.988,0.912,0.11699999999999999,0.625,105.771,204040,0
117,6671,0.44299999999999995,0.725,4,-8.353,0,0.0471,0.02,0.0,0.594,0.518,139.20600000000002,293867,0
118,6672,0.493,0.9009999999999999,7,-9.011000000000001,1,0.0338,1.92e-05,0.902,0.292,0.9490000000000001,152.056,341867,0
119,6609,0.664,0.782,2,-6.184,1,0.0327,0.265,0.19399999999999998,0.0708,0.91,145.47299999999998,242507,0
120,6673,0.442,0.109,5,-26.291999999999998,1,0.0389,0.992,0.904,0.0938,0.685,105.085,107480,0
121,1851,0.42100000000000004,0.40700000000000003,0,-11.522,1,0.0279,0.161,0.0,0.155,0.43700000000000006,85.31,189840,0
122,6674,0.505,0.7040000000000001,5,-8.361,1,0.121,0.23,0.0,0.261,0.48,87.046,187467,0
123,6675,0.693,0.662,7,-9.5,1,0.0317,0.0372,0.0,0.24600000000000002,0.905,109.74799999999999,167360,0
124,6676,0.627,0.755,2,-11.762,0,0.0291,0.594,0.857,0.304,0.9159999999999999,103.50399999999999,273067,0
125,4845,0.768,0.79,9,-6.899,1,0.0309,0.0984,1.07e-05,0.165,0.9490000000000001,125.514,158333,0
126,462,0.355,0.155,7,-19.79,1,0.0573,0.9390000000000001,0.9,0.109,0.27699999999999997,174.753,370733,0
127,6679,0.648,0.795,1,-9.432,0,0.0615,0.0753,0.0,0.6709999999999999,0.591,102.529,188893,0
128,6607,0.386,0.917,9,-4.965,1,0.0784,0.0175,0.266,0.384,0.65,167.767,164227,0
129,2974,0.496,0.0975,1,-17.234,1,0.0318,0.703,0.000714,0.0951,0.36,141.39700000000002,327867,0
130,6680,0.5760000000000001,0.175,8,-16.024,1,0.0412,0.914,0.14,0.111,0.34600000000000003,117.57,208933,0
131,6110,0.7120000000000001,0.628,5,-7.004,0,0.055999999999999994,0.252,0.0,0.33,0.552,142.17700000000002,224640,0
132,6674,0.36700000000000005,0.46399999999999997,6,-7.935,0,0.0387,0.711,4.79e-05,0.32899999999999996,0.26899999999999996,98.712,222093,0
133,5349,0.763,0.7829999999999999,11,-8.846,0,0.306,0.0106,0.0,0.335,0.488,90.147,204933,0
134,6681,0.687,0.47700000000000004,11,-6.13,0,0.0635,0.6940000000000001,1.0800000000000002e-05,0.152,0.912,139.34,226653,0
135,1620,0.491,0.0847,4,-22.528000000000002,1,0.0433,0.935,0.37799999999999995,0.371,0.546,119.351,60173,0
136,2744,0.293,0.0318,11,-25.271,1,0.0399,0.995,0.853,0.11699999999999999,0.1,69.928,184853,0
137,6683,0.878,0.6579999999999999,11,-7.167999999999999,0,0.0672,0.000169,0.0301,0.102,0.38,140.046,151284,0
138,6137,0.5429999999999999,0.892,11,-9.395,1,0.948,0.775,0.0,0.7040000000000001,0.171,95.459,243333,0
139,6684,0.294,0.184,3,-15.684000000000001,1,0.0335,0.866,0.179,0.264,0.113,80.384,467467,0
140,6689,0.591,0.579,4,-5.904,1,0.0495,0.19699999999999998,0.0,0.141,0.633,120.02799999999999,234667,0
141,3388,0.542,0.344,0,-18.604,1,0.0365,0.841,0.727,0.585,0.314,117.51299999999999,191000,0
142,6690,0.47200000000000003,0.72,1,-9.966000000000001,1,0.036000000000000004,0.0365,0.7859999999999999,0.105,0.384,92.669,179827,0
143,2334,0.609,0.111,5,-14.575,1,0.0586,0.9440000000000001,0.0247,0.10400000000000001,0.298,177.41299999999998,107307,0
144,15,0.267,0.131,2,-13.386,1,0.0339,0.6679999999999999,6.15e-05,0.0844,0.0368,90.985,154067,0
145,6691,0.759,0.688,0,-8.379,0,0.0789,0.696,0.0,0.442,0.9640000000000001,101.21799999999999,378493,0
146,6693,0.45,0.8909999999999999,9,-5.001,0,0.0582,0.0272,0.905,0.0572,0.525,146.173,108333,0
147,6694,0.764,0.547,1,-7.837000000000001,1,0.0397,0.41600000000000004,0.0,0.0683,0.965,144.39700000000002,113267,0
148,4707,0.7959999999999999,0.301,11,-9.095,1,0.0313,0.8079999999999999,0.0,0.0903,0.557,89.78399999999999,163453,0
149,6695,0.304,0.302,2,-12.128,0,0.034,0.888,0.732,0.11199999999999999,0.0715,75.48,146000,0
150,4348,0.608,0.95,0,-8.195,1,0.034,0.578,0.00487,0.304,0.966,96.71700000000001,109500,0
151,6696,0.462,0.18,5,-21.38,1,0.0488,0.812,1.7800000000000002e-05,0.245,0.42200000000000004,75.1,399933,0
152,6267,0.653,0.688,7,-8.016,1,0.0444,0.382,0.00021400000000000002,0.10400000000000001,0.6709999999999999,109.94,194733,0
153,6703,0.731,0.456,8,-7.439,1,0.054000000000000006,0.631,0.0,0.0441,0.941,177.123,201880,0
154,6704,0.613,0.655,2,-9.229,1,0.0288,0.0206,1.16e-06,0.22399999999999998,0.557,138.85399999999998,194693,0
155,5869,0.622,0.521,9,-11.205,1,0.0305,0.10099999999999999,0.000759,0.191,0.134,102.469,212533,0
156,6705,0.51,0.914,10,-8.256,0,0.0368,8.67e-06,0.7929999999999999,0.308,0.8420000000000001,125.766,371333,0
157,5855,0.32299999999999995,0.369,8,-10.154,1,0.0321,0.24,0.0,0.9,0.183,96.765,404960,0
158,6707,0.599,0.988,4,-8.142000000000001,0,0.0792,8.79e-05,0.737,0.223,0.387,170.00599999999997,321667,0
159,6708,0.583,0.777,9,-8.501,0,0.107,0.535,0.000168,0.061,0.8540000000000001,169.378,327440,0
160,471,0.45799999999999996,0.245,0,-10.865,1,0.055999999999999994,0.556,0.0,0.0887,0.74,179.012,188320,0
161,6709,0.6709999999999999,0.344,9,-10.559000000000001,1,0.031,0.0426,5.44e-05,0.14800000000000002,0.9,98.71799999999999,183267,0
162,6710,0.20199999999999999,0.363,1,-6.684,1,0.0293,0.888,1.08e-06,0.10800000000000001,0.193,50.73,173009,0
163,572,0.217,0.94,9,-3.7239999999999998,1,0.0536,0.0692,0.248,0.608,0.74,178.519,168640,0
164,6711,0.7390000000000001,0.364,7,-11.963,1,0.0301,0.8270000000000001,2.15e-06,0.121,0.503,94.74600000000001,314267,0
165,5880,0.73,0.265,2,-13.965,1,0.569,0.904,0.0,0.147,0.5539999999999999,114.258,34360,0
166,6712,0.794,0.521,0,-10.546,1,0.040999999999999995,0.29100000000000004,0.0,0.0933,0.9520000000000001,134.144,287348,0
167,6713,0.691,0.446,3,-8.762,1,0.0303,0.442,0.0263,0.364,0.71,88.07600000000001,209032,0
168,6714,0.77,0.7979999999999999,0,-9.065,0,0.0408,0.18600000000000003,3.94e-06,0.228,0.8109999999999999,111.038,211533,0
169,5520,0.805,0.7809999999999999,2,-10.620999999999999,1,0.0599,0.747,0.0292,0.0768,0.965,154.246,244627,0
170,1851,0.73,0.515,9,-9.586,1,0.0282,0.179,2.84e-05,0.0601,0.633,130.52700000000002,200533,0
171,280,0.149,0.255,2,-14.987,1,0.0312,0.9009999999999999,0.00586,0.19699999999999998,0.336,82.646,117107,0
172,6640,0.654,0.537,7,-8.067,1,0.0257,0.196,0.0,0.11900000000000001,0.597,112.43700000000001,152640,0
173,1620,0.445,0.044000000000000004,11,-22.03,1,0.0392,0.9790000000000001,0.956,0.163,0.461,71.868,84067,0
174,6014,0.67,0.7659999999999999,9,-6.755,1,0.0252,0.0586,0.0,0.0914,0.804,111.02799999999999,186267,0
175,6715,0.524,0.41,4,-10.745999999999999,0,0.0315,0.14300000000000002,1.21e-06,0.0945,0.0643,126.09899999999999,254907,0
176,6716,0.5770000000000001,0.45299999999999996,8,-11.909,1,0.0262,0.804,0.0,0.0859,0.902,165.887,154693,0
177,197,0.607,0.8170000000000001,1,-5.926,1,0.11,0.037000000000000005,0.000607,0.11599999999999999,0.508,114.48200000000001,297400,0
178,5187,0.625,0.449,2,-12.2,1,0.0334,0.406,0.0,0.574,0.632,98.306,221640,0
179,6717,0.526,0.306,2,-10.318,0,0.0308,0.425,3.9500000000000005e-05,0.287,0.401,80.175,197300,0
180,6718,0.12,0.0774,4,-23.304000000000002,0,0.0362,0.843,0.905,0.13699999999999998,0.0391,92.315,190800,0
181,6050,0.475,0.381,0,-9.948,1,0.0363,0.6829999999999999,0.0,0.106,0.35200000000000004,127.87299999999999,210893,0
182,2908,0.263,0.976,2,-4.851,1,0.0651,0.0931,0.0,0.6459999999999999,0.40299999999999997,118.87100000000001,185573,0
183,5831,0.621,0.621,0,-6.992999999999999,1,0.33899999999999997,0.14,0.0,0.29600000000000004,0.575,135.996,383760,0
184,6721,0.284,0.317,7,-11.741,1,0.0327,0.7170000000000001,7.34e-06,0.41600000000000004,0.514,187.578,231813,0
185,3493,0.163,0.882,5,-7.562,1,0.0522,0.496,0.223,0.612,0.568,163.308,67667,0
186,197,0.45399999999999996,0.664,9,-6.557,1,0.0846,0.385,2.86e-06,0.24600000000000002,0.696,79.88,221600,0
187,1158,0.311,0.0841,2,-24.112,1,0.0393,0.992,0.9129999999999999,0.0956,0.205,107.17,501760,0
188,4457,0.537,0.602,2,-8.937000000000001,1,0.07,0.326,0.00011499999999999999,0.0548,0.509,180.077,254093,0
189,6132,0.434,0.889,10,-6.254,0,0.0534,0.00464,0.145,0.127,0.677,136.524,224467,0
190,6724,0.434,0.426,3,-11.585,0,0.0472,0.0193,0.7190000000000001,0.502,0.738,185.305,340741,0
191,6725,0.5920000000000001,0.49,7,-13.046,1,0.205,0.20800000000000002,0.0234,0.134,0.9279999999999999,154.40200000000002,362733,0
192,6592,0.325,0.293,7,-12.014000000000001,0,0.0301,0.7390000000000001,0.0444,0.106,0.135,153.796,249400,0
193,2579,0.616,0.145,10,-13.615,1,0.042,0.981,0.0,0.147,0.53,76.87899999999999,166707,0
194,3892,0.0805,0.0943,0,-26.086,1,0.0348,0.867,0.968,0.0978,0.0383,81.91,334000,0
195,6728,0.795,0.5589999999999999,3,-13.298,0,0.0398,0.000784,0.892,0.0788,0.397,127.265,368013,0
196,4797,0.183,0.0623,0,-22.436,1,0.034,0.937,0.9390000000000001,0.222,0.22,81.098,522000,0
197,6730,0.434,0.225,11,-18.154,0,0.0278,0.98,0.9159999999999999,0.106,0.242,99.906,172267,0
198,256,0.5539999999999999,0.45399999999999996,7,-11.407,0,0.0303,0.596,0.674,0.0817,0.46799999999999997,157.511,309467,0
199,6731,0.68,0.239,0,-18.524,1,0.0338,0.695,0.0134,0.115,0.308,101.34299999999999,106533,0
200,221,0.475,0.6970000000000001,4,-12.297,0,0.0562,0.225,0.000593,0.659,0.292,99.994,412960,0
201,6732,0.21,0.111,1,-21.968000000000004,0,0.0372,0.9890000000000001,0.188,0.0919,0.0397,58.424,296867,0
202,636,0.812,0.308,6,-16.248,1,0.0343,0.529,0.00045,0.0569,0.7879999999999999,126.18799999999999,197667,0
203,6591,0.763,0.491,7,-7.155,1,0.0321,0.153,0.0,0.0809,0.9620000000000001,100.71600000000001,198853,0
204,6733,0.46799999999999997,0.336,10,-15.98,1,0.0493,0.0443,0.8190000000000001,0.0763,0.49,157.045,409373,0
205,5982,0.64,0.5489999999999999,11,-11.107000000000001,1,0.0331,0.275,0.0015,0.36,0.8240000000000001,117.704,212400,0
206,1456,0.16899999999999998,0.0316,2,-28.299,1,0.0398,0.897,0.943,0.0984,0.0351,127.212,256733,0
207,3151,0.479,0.902,6,-8.023,1,0.0677,7.42e-06,0.8190000000000001,0.18600000000000003,0.541,146.763,229173,0
208,5982,0.316,0.48200000000000004,11,-11.735999999999999,1,0.0663,0.56,1.37e-06,0.0893,0.41200000000000003,207.025,199000,0
209,6735,0.591,0.384,7,-12.645999999999999,0,0.044000000000000004,0.16899999999999998,0.603,0.0698,0.315,81.757,437133,0
210,147,0.473,0.436,10,-11.91,1,0.0361,0.34600000000000003,0.027999999999999997,0.139,0.317,113.777,318893,0
211,6736,0.674,0.728,11,-9.064,0,0.0376,0.34,5.07e-06,0.0818,0.872,176.50599999999997,301533,0
212,5187,0.71,0.6779999999999999,4,-10.035,1,0.0317,0.0762,0.0,0.355,0.846,124.96600000000001,239560,0
213,2803,0.568,0.43799999999999994,8,-10.571,1,0.12,0.312,4.87e-06,0.0995,0.475,140.767,300840,0
214,6737,0.633,0.836,7,-8.147,1,0.0449,0.00829,0.0266,0.171,0.32799999999999996,164.956,337173,0
215,6738,0.298,0.833,4,-11.470999999999998,0,0.0737,1.97e-06,0.23800000000000002,0.102,0.24,103.086,97413,0
216,6739,0.239,0.992,9,-8.721,1,0.11900000000000001,0.0248,0.557,0.696,0.6890000000000001,176.403,107733,0
217,5792,0.8009999999999999,0.45,11,-13.849,1,0.14,0.484,0.0442,0.17300000000000001,0.675,96.022,235893,0
218,5,0.397,0.955,4,-6.041,1,0.0598,0.000579,5.5700000000000005e-05,0.295,0.5670000000000001,122.365,277867,0
219,6740,0.528,0.775,9,-6.7379999999999995,0,0.0307,0.0645,0.912,0.109,0.428,122.865,163164,0
220,1818,0.42700000000000005,0.0204,3,-31.351,1,0.0405,0.996,0.938,0.27399999999999997,0.34600000000000003,111.242,83227,0
221,6742,0.47,0.555,9,-8.329,1,0.0462,0.015,0.00489,0.0591,0.88,148.485,191107,0
222,776,0.47200000000000003,0.531,6,-8.662,1,0.0303,0.33899999999999997,0.0,0.10400000000000001,0.33899999999999997,171.795,285707,0
223,6743,0.7140000000000001,0.633,2,-9.912,1,0.046,0.597,1.23e-05,0.0591,0.672,111.583,281400,0
224,537,0.66,0.541,0,-7.851,0,0.0576,0.6579999999999999,0.0012699999999999999,0.0928,0.693,93.744,197160,0
225,6744,0.695,0.551,7,-11.525,1,0.0271,0.0491,1.55e-05,0.0526,0.49700000000000005,143.429,256133,0
226,1851,0.512,0.364,4,-11.524000000000001,1,0.0264,0.662,7.46e-05,0.125,0.19399999999999998,135.804,162293,0
227,6594,0.574,0.147,10,-20.778000000000002,1,0.0594,0.996,0.909,0.21,0.537,142.06799999999998,116427,0
228,4557,0.773,0.665,6,-7.327999999999999,1,0.282,0.0205,0.00735,0.308,0.6779999999999999,91.96799999999999,267867,0
229,6745,0.8190000000000001,0.467,0,-12.501,0,0.0795,0.129,0.00014199999999999998,0.129,0.883,89.897,256052,0
230,5824,0.545,0.494,0,-8.285,1,0.0297,0.182,0.0,0.233,0.255,80.781,218800,0
231,5865,0.519,0.27699999999999997,0,-18.026,0,0.0508,0.873,0.7440000000000001,0.109,0.493,144.765,371840,0
232,6746,0.22899999999999998,0.0526,6,-24.636999999999997,1,0.0536,0.948,7.55e-05,0.11199999999999999,0.0452,125.736,204040,0
233,6747,0.703,0.316,7,-17.656,1,0.0703,0.5489999999999999,0.00185,0.0877,0.903,90.42200000000001,188147,0
234,6748,0.498,0.258,8,-13.647,1,0.0435,0.535,0.0,0.168,0.695,105.839,142373,0
235,4670,0.31,0.011000000000000001,7,-26.833000000000002,0,0.0359,0.982,6.99e-05,0.124,0.133,72.78,214907,0
236,3174,0.47700000000000004,0.484,0,-13.100999999999999,1,0.361,0.14400000000000002,0.0043,0.233,0.6729999999999999,200.082,387067,0
237,5103,0.182,0.345,6,-7.678999999999999,1,0.0384,0.102,0.929,0.28800000000000003,0.124,124.992,161007,0
238,6750,0.5,0.493,11,-10.395999999999999,0,0.11800000000000001,0.561,0.00144,0.115,0.9390000000000001,67.265,870322,0
239,6752,0.402,0.0348,5,-31.794,1,0.0394,0.9940000000000001,0.9440000000000001,0.131,0.185,119.84100000000001,431000,0
240,5986,0.899,0.302,10,-10.296,1,0.0385,0.6729999999999999,0.0,0.21600000000000003,0.846,115.08200000000001,86200,0
241,1316,0.5,0.442,10,-11.405999999999999,1,0.0631,0.5489999999999999,2.95e-06,0.121,0.44,138.806,357800,0
242,6754,0.6940000000000001,0.722,4,-11.922,1,0.0869,0.687,1.36e-05,0.0733,0.84,137.704,198922,0
243,1141,0.408,0.8590000000000001,4,-5.399,0,0.223,0.583,2.78e-05,0.419,0.569,179.53900000000002,342326,0
244,6755,0.389,0.898,8,-6.52,1,0.0489,0.004229999999999999,0.917,0.142,0.963,139.131,153493,0
245,6657,0.7709999999999999,0.526,10,-11.802999999999999,1,0.0587,0.337,1e-06,0.124,0.9490000000000001,116.57799999999999,171440,0
246,6756,0.703,0.429,8,-18.512,1,0.19399999999999998,0.7929999999999999,0.0147,0.106,0.511,107.645,354800,0
247,6609,0.593,0.917,11,-5.529,0,0.0275,0.0293,0.606,0.265,0.9390000000000001,135.275,257307,0
248,5103,0.521,0.7959999999999999,1,-8.366,1,0.0352,3.87e-05,0.9129999999999999,0.15,0.524,125.205,163794,0
249,5281,0.847,0.563,10,-9.057,1,0.044000000000000004,0.0369,0.009059999999999999,0.15,0.905,137.08700000000002,280627,0
250,1604,0.475,0.151,5,-20.357,0,0.0582,0.924,0.7120000000000001,0.0687,0.23,148.276,210000,0
251,4557,0.8009999999999999,0.74,11,-6.0729999999999995,1,0.36700000000000005,0.0829,1.43e-06,0.0988,0.674,175.81599999999997,264027,0
252,6607,0.7709999999999999,0.718,5,-7.854,0,0.0682,0.32899999999999996,0.00686,0.0896,0.504,126.54799999999999,215507,0
253,6709,0.7909999999999999,0.49700000000000005,6,-9.71,1,0.0386,0.10099999999999999,0.00197,0.0816,0.922,108.49,152253,0
254,6757,0.6,0.561,4,-9.25,0,0.031,0.0186,0.478,0.122,0.364,122.124,412280,0
255,6758,0.368,0.594,9,-6.096,1,0.11800000000000001,0.514,0.00011899999999999999,0.11800000000000001,0.402,153.884,342960,0
256,820,0.207,0.114,7,-20.971,1,0.045,0.963,0.903,0.11,0.11199999999999999,65.839,201000,0
257,5988,0.782,0.762,4,-6.336,0,0.29600000000000004,0.0244,0.0,0.109,0.728,94.19,236000,0
258,6713,0.769,0.5579999999999999,5,-8.437999999999999,1,0.0323,0.669,2.27e-06,0.11900000000000001,0.8370000000000001,96.384,178965,0
259,253,0.524,0.33,5,-14.264000000000001,1,0.0297,0.654,0.0,0.0635,0.5529999999999999,179.59799999999998,255000,0
260,6759,0.657,0.868,7,-4.641,1,0.0635,0.579,0.00011599999999999999,0.057,0.9620000000000001,107.105,183267,0
261,6760,0.695,0.7979999999999999,9,-7.228,1,0.0597,0.0663,0.00018,0.124,0.8420000000000001,88.05,195067,0
262,6761,0.228,0.0562,3,-23.355,1,0.0445,0.9570000000000001,0.738,0.147,0.0762,123.006,387400,0
263,1868,0.242,0.0286,6,-26.773000000000003,0,0.0515,0.9840000000000001,5.2e-06,0.159,0.154,87.53200000000001,408213,0
264,6743,0.607,0.588,8,-7.4110000000000005,1,0.0418,0.13,0.0333,0.0983,0.6970000000000001,118.859,163253,0
265,5103,0.24600000000000002,0.9359999999999999,1,-5.899,1,0.0593,8.89e-06,0.92,0.0661,0.40399999999999997,116.18299999999999,185760,0
266,5569,0.397,0.5589999999999999,0,-9.331,1,0.0285,0.051,0.109,0.0907,0.18899999999999997,104.081,210600,0
267,3493,0.389,0.8959999999999999,7,-6.178999999999999,1,0.0344,0.0997,0.22,0.0707,0.733,95.316,97227,0
268,5103,0.648,0.252,1,-13.716,1,0.0267,0.0198,0.34600000000000003,0.08800000000000001,0.451,98.714,211907,0
269,101,0.867,0.79,1,-5.4239999999999995,1,0.0518,0.34299999999999997,0.0131,0.245,0.8140000000000001,110.04799999999999,219560,0
270,6766,0.604,0.564,5,-6.494,0,0.0395,0.5589999999999999,6.37e-05,0.135,0.736,175.57,246267,0
271,6594,0.22,0.017,7,-28.408,0,0.0446,0.9890000000000001,0.941,0.113,0.18100000000000002,128.342,65960,0
272,1247,0.718,0.61,4,-7.517,0,0.0298,0.0935,0.000759,0.073,0.517,109.25,351907,0
273,6767,0.364,0.109,0,-19.932000000000002,1,0.0503,0.9329999999999999,0.898,0.113,0.29100000000000004,170.62099999999998,283440,0
274,5127,0.442,0.687,9,-4.527,1,0.0382,0.669,1.8000000000000001e-06,0.0381,0.768,203.833,181371,0
275,6768,0.44799999999999995,0.961,7,-4.793,1,0.0842,0.0133,0.00131,0.121,0.52,150.291,158200,0
276,5697,0.624,0.542,10,-9.621,0,0.0268,0.0913,0.0,0.0652,0.565,135.808,334547,0
277,6769,0.413,0.5379999999999999,10,-9.657,0,0.0497,0.451,0.0,0.0965,0.479,110.865,242707,0
278,6309,0.359,0.068,11,-13.055,1,0.0355,0.951,0.0,0.0918,0.142,98.455,109467,0
279,417,0.657,0.773,2,-8.418,1,0.0356,0.226,2.8e-06,0.43799999999999994,0.963,105.728,163667,0
280,6414,0.6990000000000001,0.452,8,-16.167,1,0.159,0.297,0.0,0.0806,0.9359999999999999,165.31099999999998,176200,0
281,2164,0.45299999999999996,0.741,9,-8.676,1,0.0396,0.262,0.0,0.0729,0.484,72.65,212400,0
282,5831,0.7829999999999999,0.828,5,-6.825,1,0.128,0.0309,0.0,0.08900000000000001,0.754,155.965,298173,0
283,5680,0.778,0.501,0,-7.671,1,0.0347,0.0679,1.82e-06,0.106,0.40299999999999997,119.556,341773,0
284,2928,0.451,0.983,1,-3.1719999999999997,1,0.0633,3.35e-05,0.000644,0.087,0.8,93.838,123467,0
285,6770,0.659,0.628,7,-13.173,1,0.0417,0.19,0.757,0.102,0.302,100.785,290080,0
286,6736,0.698,0.754,0,-5.666,1,0.0357,0.405,0.0,0.285,0.856,174.308,302560,0
287,3161,0.584,0.897,5,-3.835,1,0.147,0.304,0.0,0.99,0.733,86.21,475267,0
288,6203,0.8059999999999999,0.525,9,-13.165999999999999,1,0.325,0.149,2.56e-06,0.297,0.473,95.867,327973,0
289,6771,0.7290000000000001,0.6890000000000001,0,-6.655,1,0.0404,0.0648,0.0,0.0886,0.9640000000000001,149.531,167867,0
290,5986,0.823,0.38799999999999996,5,-8.838,1,0.047,0.812,0.0,0.35200000000000004,0.893,111.932,92440,0
291,6772,0.5820000000000001,0.414,2,-6.942,1,0.0255,0.7859999999999999,2.02e-06,0.0854,0.187,101.964,248085,0
292,6773,0.375,0.946,11,-5.11,0,0.157,0.00869,0.0241,0.42700000000000005,0.722,160.615,240980,0
293,6774,0.35,0.395,11,-15.259,0,0.0315,0.00036899999999999997,0.49700000000000005,0.172,0.28,94.337,358933,0
294,6775,0.456,0.428,10,-19.02,0,0.0561,0.0252,0.7809999999999999,0.10400000000000001,0.239,119.898,300040,0
295,6614,0.251,0.5,7,-8.818999999999999,1,0.0336,0.47,9.37e-06,0.0831,0.195,99.37100000000001,280760,0
296,4954,0.7909999999999999,0.581,10,-10.116,0,0.162,0.14300000000000002,9.44e-06,0.162,0.764,99.00299999999999,355440,0
297,6746,0.247,0.0223,1,-25.430999999999997,0,0.0559,0.9259999999999999,0.0,0.146,0.0772,146.664,118093,0
298,5934,0.6920000000000001,0.439,7,-10.895,1,0.0305,0.682,0.0013,0.135,0.833,103.228,152960,0
299,6754,0.816,0.677,11,-12.690999999999999,0,0.0418,0.35200000000000004,0.000392,0.0904,0.879,101.991,193567,0
300,1711,0.768,0.547,11,-7.356,1,0.0385,0.58,1.78e-06,0.32,0.688,105.979,285333,0
301,6777,0.653,0.594,9,-11.217,0,0.07,0.205,9.05e-05,0.0928,0.765,143.00799999999998,216131,0
302,6778,0.55,0.589,3,-11.964,1,0.0328,0.21100000000000002,0.0103,0.42,0.953,204.38299999999998,198160,0
303,6779,0.415,0.172,5,-15.603,1,0.032,0.753,0.00031099999999999997,0.387,0.525,142.657,163267,0
304,6607,0.69,0.828,1,-3.536,1,0.0992,0.00919,0.00264,0.065,0.8220000000000001,92.973,164573,0
305,6780,0.5429999999999999,0.402,8,-9.269,0,0.0501,0.605,0.0,0.11800000000000001,0.8370000000000001,116.09899999999999,188594,0
306,6607,0.5589999999999999,0.9359999999999999,11,-4.415,1,0.0842,0.262,2.99e-05,0.0728,0.836,141.726,180227,0
307,6781,0.7120000000000001,0.769,2,-6.505,1,0.29100000000000004,0.146,0.0,0.102,0.483,89.15299999999999,240360,0
308,6782,0.785,0.652,2,-8.812999999999999,1,0.032,0.142,0.0,0.19699999999999998,0.7090000000000001,109.912,192427,0
309,6783,0.22399999999999998,0.183,2,-15.932,1,0.0354,0.88,2.04e-06,0.314,0.327,85.413,187707,0
310,5310,0.603,0.41700000000000004,10,-9.408,0,0.0273,0.282,0.000183,0.0651,0.172,107.72,288507,0
311,6614,0.6559999999999999,0.588,0,-9.836,1,0.0247,0.0625,0.0017,0.0966,0.705,92.27600000000001,221707,0
312,6786,0.8240000000000001,0.8859999999999999,7,-7.641,0,0.0479,0.488,0.00031600000000000004,0.0373,0.955,141.905,264800,0
313,6787,0.46,0.9279999999999999,1,-11.38,1,0.0598,0.19899999999999998,3.66e-06,0.305,0.5670000000000001,110.45700000000001,680573,0
314,6609,0.532,0.958,11,-5.88,0,0.0581,0.0006190000000000001,0.784,0.299,0.6890000000000001,129.78799999999998,123200,0
315,3174,0.895,0.435,10,-11.708,0,0.187,0.14800000000000002,0.11699999999999999,0.18899999999999997,0.742,120.086,212533,0
316,6789,0.45,0.804,2,-7.369,1,0.0387,0.013000000000000001,0.00295,0.11,0.826,123.465,178307,0
317,6790,0.797,0.648,1,-6.92,1,0.28,0.0638,0.0,0.0856,0.633,147.83700000000002,295600,0
318,280,0.479,0.561,5,-8.759,1,0.0282,0.146,1.34e-05,0.159,0.446,138.583,234667,0
319,2334,0.639,0.8390000000000001,5,-4.703,1,0.0634,0.0446,3.74e-06,0.46799999999999997,0.603,101.447,285067,0
320,6792,0.517,0.336,9,-10.968,1,0.0296,0.6729999999999999,0.00118,0.0811,0.318,102.46,193600,0
321,15,0.409,0.396,7,-7.6,1,0.0306,0.584,5.6399999999999995e-05,0.159,0.21,73.08,259213,0
322,3777,0.5429999999999999,0.904,0,-5.9239999999999995,1,0.0731,0.498,0.00019099999999999998,0.991,0.37799999999999995,91.959,232307,0
323,5179,0.561,0.41200000000000003,2,-11.977,1,0.0298,0.107,1.6100000000000002e-05,0.242,0.556,124.146,172000,0
324,6793,0.637,0.746,4,-3.281,1,0.0356,0.8490000000000001,0.0,0.249,0.9520000000000001,92.023,179233,0
325,6607,0.46,0.616,1,-8.828,1,0.0383,0.161,4.71e-05,0.0898,0.563,119.835,224707,0
326,6379,0.7490000000000001,0.508,1,-10.970999999999998,1,0.15,0.027000000000000003,0.0651,0.386,0.841,89.979,231200,0
327,6795,0.784,0.5429999999999999,9,-8.079,1,0.0529,0.377,1.81e-06,0.0507,0.8690000000000001,99.514,214467,0
328,6591,0.912,0.615,0,-8.443,1,0.0411,0.20199999999999999,0.0,0.0787,0.953,117.463,182858,0
329,3151,0.517,0.971,4,-6.642,1,0.0767,7.32e-06,0.392,0.078,0.27699999999999997,106.249,253307,0
330,6796,0.8320000000000001,0.532,3,-11.626,1,0.0566,0.0962,4.92e-05,0.126,0.818,111.931,218427,0
331,4051,0.787,0.7170000000000001,8,-7.936,1,0.0516,0.00385,0.0262,0.0999,0.845,95.01700000000001,285733,0
332,5258,0.653,0.61,8,-11.833,1,0.281,0.00884,0.228,0.183,0.436,182.042,268000,0
333,2905,0.302,0.0757,0,-18.566,1,0.0405,0.985,0.9590000000000001,0.0531,0.21,148.38,243427,0
334,221,0.379,0.348,2,-12.902000000000001,1,0.0276,0.222,0.00235,0.7809999999999999,0.22399999999999998,77.487,417933,0
335,6797,0.47200000000000003,0.536,5,-11.895,0,0.0417,0.7829999999999999,0.00435,0.109,0.968,124.928,194933,0
336,6798,0.715,0.9420000000000001,8,-6.595,1,0.0841,0.425,0.0,0.215,0.797,112.194,226467,0
337,3477,0.41600000000000004,0.456,0,-7.769,0,0.032,0.8759999999999999,0.851,0.15,0.109,120.234,145493,0
338,6799,0.29100000000000004,0.767,2,-8.027000000000001,1,0.0412,0.000135,0.00759,0.687,0.446,113.883,633840,0
339,5103,0.29,0.935,6,-7.409,1,0.0655,0.00034700000000000003,0.653,0.114,0.242,149.249,255227,0
340,6800,0.894,0.483,0,-11.062999999999999,1,0.135,0.107,5.41e-05,0.0653,0.524,92.083,216317,0
341,6203,0.708,0.305,9,-14.003,1,0.8170000000000001,0.138,3.08e-06,0.139,0.691,174.15400000000002,259453,0
342,4735,0.564,0.371,4,-16.88,1,0.0354,0.245,0.0958,0.0902,0.9279999999999999,124.741,128800,0
343,6801,0.43,0.151,0,-17.783,1,0.0318,0.977,0.89,0.0697,0.295,106.257,290133,0
344,6742,0.486,0.573,0,-8.695,1,0.038,0.055999999999999994,0.0,0.14300000000000002,0.904,98.42399999999999,220693,0
345,6803,0.618,0.391,7,-12.745,1,0.0474,0.863,0.8759999999999999,0.115,0.424,80.264,235173,0
346,4563,0.785,0.606,7,-9.631,1,0.44299999999999995,0.0509,0.0,0.33299999999999996,0.47100000000000003,88.917,345773,0
347,4270,0.5489999999999999,0.8759999999999999,2,-10.54,1,0.0409,0.179,0.0129,0.975,0.762,116.184,286067,0
348,679,0.228,0.0219,8,-25.070999999999998,1,0.0426,0.972,0.157,0.0988,0.0602,127.069,521000,0
349,1623,0.49,0.248,3,-17.552,1,0.0306,0.316,0.0,0.106,0.198,130.775,265848,0
350,6814,0.633,0.42,0,-11.571,1,0.0366,0.884,0.0,0.132,0.828,97.177,222427,0
351,6815,0.5589999999999999,0.138,7,-20.147000000000002,0,0.0416,0.86,2.35e-06,0.11,0.35200000000000004,121.35700000000001,225493,0
352,557,0.324,0.0569,3,-24.444000000000003,1,0.0393,0.992,0.7340000000000001,0.0985,0.187,131.554,368000,0
353,2334,0.7440000000000001,0.667,4,-7.539,0,0.063,0.0679,0.36,0.306,0.7659999999999999,90.387,307093,0
354,6816,0.557,0.32299999999999995,6,-10.452,1,0.032,0.0688,8.03e-06,0.0934,0.551,90.34299999999999,232040,0
355,6817,0.804,0.28,6,-20.458,0,0.0507,0.0022199999999999998,0.0203,0.124,0.867,107.04,416627,0
356,6818,0.728,0.574,2,-5.561,1,0.0444,0.486,0.000449,0.28,0.879,79.43,173067,0
357,4095,0.5820000000000001,0.642,1,-8.468,0,0.0689,0.16899999999999998,0.00571,0.11800000000000001,0.523,164.96200000000002,310107,0
358,5831,0.7120000000000001,0.679,11,-8.137,1,0.247,0.0026899999999999997,0.0,0.196,0.491,170.076,330200,0
359,14,0.55,0.708,1,-8.122,1,0.0411,0.341,0.0,0.759,0.5,112.844,278933,0
360,5187,0.675,0.52,6,-8.793,1,0.025,0.09699999999999999,1.09e-06,0.33299999999999996,0.607,113.255,275107,0
361,4697,0.6759999999999999,0.872,7,-7.739,0,0.0473,0.672,4.28e-05,0.0976,0.7879999999999999,154.986,260600,0
362,6819,0.597,0.57,7,-6.406000000000001,1,0.0403,0.43200000000000005,4.91e-06,0.0612,0.762,119.75399999999999,203659,0
363,2228,0.7509999999999999,0.408,11,-10.343,0,0.0315,0.284,0.0,0.0745,0.774,114.34200000000001,227960,0
364,3154,0.414,0.528,9,-14.997,1,0.0381,0.16,0.000127,0.975,0.527,96.473,482800,0
365,74,0.7509999999999999,0.878,9,-7.746,0,0.077,0.165,0.0,0.0504,0.804,118.82799999999999,291293,0
366,6820,0.135,0.0852,2,-24.272,1,0.0452,0.862,0.423,0.11699999999999999,0.0377,92.56700000000001,300360,0
367,5103,0.579,0.314,1,-12.589,1,0.0267,0.0208,0.7609999999999999,0.111,0.0512,126.74600000000001,257267,0
368,6824,0.469,0.244,5,-21.136999999999997,1,0.0467,0.8959999999999999,0.679,0.0616,0.7490000000000001,89.48,265667,0
369,2673,0.63,0.363,10,-13.499,1,0.0581,0.46299999999999997,9.39e-06,0.223,0.6779999999999999,86.455,158893,0
370,6766,0.7170000000000001,0.7879999999999999,8,-6.643,1,0.0327,0.475,5.18e-06,0.0459,0.8170000000000001,155.123,303307,0
371,820,0.126,0.149,5,-20.009,1,0.0384,0.639,0.955,0.155,0.179,83.072,188000,0
372,6825,0.433,0.985,0,-4.625,1,0.11599999999999999,0.000508,4.01e-05,0.0605,0.488,139.732,154227,0
373,820,0.132,0.0652,10,-24.430999999999997,1,0.0459,0.956,0.927,0.111,0.175,162.136,277440,0
374,6826,0.7829999999999999,0.696,0,-9.71,1,0.0506,0.271,0.0,0.132,0.753,145.02,258613,0
375,5986,0.794,0.305,8,-10.663,1,0.0327,0.601,0.0,0.13699999999999998,0.9440000000000001,131.975,98200,0
376,5771,0.721,0.39799999999999996,11,-8.932,0,0.0449,0.0158,3.54e-05,0.0586,0.578,151.82299999999998,270267,0
377,761,0.662,0.677,10,-6.175,0,0.0251,0.0866,0.009640000000000001,0.09300000000000001,0.7170000000000001,126.31700000000001,226360,0
378,6827,0.5589999999999999,0.8690000000000001,2,-10.149,1,0.0465,0.0419,8.950000000000001e-05,0.155,0.7070000000000001,97.036,228000,0
379,471,0.652,0.48200000000000004,7,-10.540999999999999,1,0.0301,0.309,2.87e-06,0.055,0.9259999999999999,90.949,138653,0
380,2969,0.4,0.496,2,-9.807,1,0.0276,0.19,8.01e-05,0.139,0.33899999999999997,72.506,236000,0
381,5600,0.693,0.912,8,-9.49,1,0.0563,0.0134,0.0,0.973,0.517,110.758,243252,0
382,6828,0.467,0.21899999999999997,0,-13.367,1,0.0265,0.785,0.0,0.187,0.41100000000000003,75.801,176467,0
383,6830,0.308,0.19,0,-16.835,1,0.0421,0.919,1.21e-05,0.18,0.253,94.762,147707,0
384,990,0.17600000000000002,0.132,1,-16.932000000000002,1,0.0408,0.953,0.586,0.0886,0.0835,74.28699999999999,119627,0
385,6629,0.645,0.593,5,-10.997,0,0.0354,0.00854,0.000122,0.40299999999999997,0.937,88.037,146990,0
386,6145,0.5429999999999999,0.32799999999999996,3,-9.62,1,0.0267,0.851,0.0,0.0387,0.384,139.829,286707,0
387,6833,0.175,0.264,0,-23.535999999999998,1,0.040999999999999995,0.885,0.9390000000000001,0.0956,0.428,157.438,207693,0
388,6834,0.42,0.26899999999999996,0,-13.895,1,0.0809,0.812,7.19e-06,0.107,0.33799999999999997,156.154,255133,0
389,6835,0.498,0.465,11,-15.783,0,0.0976,0.14,2.99e-05,0.226,0.8009999999999999,169.2,268760,0
390,557,0.13,0.0281,3,-23.765,1,0.04,0.992,0.789,0.10300000000000001,0.0695,76.806,260000,0
391,724,0.366,0.841,0,-7.632000000000001,1,0.109,0.171,0.0965,0.122,0.379,167.43200000000002,357333,0
392,637,0.275,0.653,0,-13.425,1,0.0456,0.278,0.000259,0.254,0.62,173.671,289800,0
393,6836,0.8140000000000001,0.7340000000000001,7,-10.055,1,0.0398,0.5,0.0,0.295,0.611,95.678,236360,0
394,6837,0.52,0.182,7,-5.854,1,0.0445,0.878,0.0116,0.0986,0.96,182.071,148120,0
395,4563,0.9179999999999999,0.36,5,-9.949,0,0.275,0.028999999999999998,0.0,0.0799,0.243,91.959,214040,0
396,6840,0.62,0.769,5,-10.388,0,0.0767,0.0853,0.11199999999999999,0.9520000000000001,0.655,106.744,481333,0
397,6841,0.528,0.302,5,-15.988,1,0.0301,0.655,0.0005110000000000001,0.28300000000000003,0.6409999999999999,109.743,251360,0
398,6842,0.395,0.226,7,-13.922,0,0.0293,0.4,2.37e-06,0.156,0.141,129.781,317545,0
399,2908,0.495,0.8540000000000001,4,-5.699,1,0.0434,0.20800000000000002,0.0,0.0371,0.8190000000000001,77.967,133347,0
400,6609,0.672,0.8009999999999999,6,-6.3420000000000005,1,0.0272,0.0132,0.299,0.29,0.9329999999999999,131.817,279933,0
401,673,0.473,0.639,0,-9.564,1,0.0382,0.374,0.0,0.0936,0.93,107.865,242440,0
402,6843,0.48700000000000004,0.007209999999999999,0,-24.141,1,0.0795,0.983,0.0125,0.0632,0.0746,115.904,180600,0
403,5937,0.307,0.0724,0,-25.339000000000002,1,0.0445,0.975,0.892,0.0717,0.0398,120.088,1003627,0
404,6847,0.684,0.516,3,-7.649,1,0.0418,0.564,0.0,0.243,0.96,132.08100000000002,162958,0
405,5103,0.43799999999999994,0.728,8,-7.105,1,0.0458,3.4899999999999995e-05,0.57,0.0509,0.701,128.04,160173,0
406,197,0.794,0.7979999999999999,8,-5.638999999999999,1,0.0366,0.429,1.1599999999999999e-05,0.11800000000000001,0.265,100.338,319307,0
407,6848,0.12,0.043,8,-21.568,1,0.0437,0.868,0.866,0.72,0.0329,78.486,208933,0
408,2975,0.5379999999999999,0.885,5,-8.993,1,0.043,0.106,0.0326,0.33799999999999997,0.909,185.577,248093,0
409,557,0.259,0.0354,9,-24.925,1,0.0431,0.966,0.897,0.0911,0.146,99.241,156173,0
410,6849,0.389,0.0462,6,-26.241,0,0.0507,0.975,0.888,0.106,0.436,84.48299999999999,300000,0
411,6851,0.495,0.773,3,-8.8,0,0.0594,0.19399999999999998,0.0,0.66,0.6859999999999999,89.42299999999999,363507,0
412,6660,0.846,0.6,4,-7.767,0,0.316,0.0408,0.0,0.134,0.56,77.38600000000001,306027,0
413,6852,0.825,0.542,10,-12.440999999999999,0,0.0592,0.48700000000000004,0.0,0.0444,0.7,91.516,259973,0
